ID;CU;G;ED;EC;E;M1;M2;M3;M4;M5;M6;D1;D2;D3;D4;D5;D6;P1;P2;P3;P4;P5;P6;SP;G_F;G_M;G_O;EC_0;EC_Casado;EC_Otros;EC_Soltero
2309;-1,05965E+16;1;1;3;-1,13753E+16;1,48605E+15;1,11736E+16;1,38865E+16;1,88746E+15;2,34917E+16;2,53137E+15;-5,75264E+14;-5,49609E+15;-5,10931E+15;-4,76949E+16;-4,37452E+16;-4,03736E+15;-2,51378E+15;-1,70186E+16;-2,11606E+15;-2,12313E+16;-2,15956E+16;-1,80878E+16;0;FALSO;VERDADERO;FALSO;FALSO;VERDADERO;FALSO;FALSO
22405;-1,34759E+16;0;0;3;-1,02905E+16;1,48605E+15;1,11736E+16;1,38865E+16;1,88746E+15;2,34917E+16;2,53137E+15;1,16131E+16;1,07446E+16;1,00465E+16;9,0652E+14;6,15657E+13;6,44672E+15;-7,1097E+15;-7,31826E+15;-1,17267E+16;-1,39097E+16;-1,39441E+16;-1,43246E+16;0;VERDADERO;FALSO;FALSO;FALSO;FALSO;FALSO;VERDADERO
23398;-7,5135E+15;0;2;1;-3,78129E+15;1,48605E+15;1,11736E+16;1,38865E+16;1,88746E+15;2,34917E+16;2,53137E+15;2,56655E+15;2,79615E+16;3,10272E+16;4,11772E+16;4,90156E+15;5,26257E+15;-1,95169E+16;-1,21923E+15;-1,26411E+15;-1,52438E+16;-1,50503E+14;-1,49715E+16;0;VERDADERO;FALSO;FALSO;FALSO;VERDADERO;FALSO;FALSO
25059;-2,88907E+15;1;2;3;1,46614E+16;1,48605E+15;1,11736E+16;1,38865E+16;1,88746E+15;2,34917E+16;-6,16452E+15;-4,14823E+15;-4,24645E+15;-4,44729E+16;-4,09828E+16;-4,78244E+15;-5,36122E+15;-2,44737E+16;-1,78519E+15;1,01571E+16;-3,06339E+14;1,44757E+16;-4,54236E+14;0;FALSO;VERDADERO;FALSO;FALSO;VERDADERO;FALSO;FALSO
2665;-9,05498E+15;0;1;3;5,58162E+15;1,48605E+15;1,11736E+16;1,38865E+16;1,88746E+15;2,34917E+16;1,99232E+16;5,84028E+15;-2,16948E+16;-6,7084E+15;-3,68231E+16;-3,29238E+16;-3,2631E+14;-2,21191E+16;-1,91887E+16;-2,40005E+15;-1,93163E+15;-3,14136E+15;-2,3713E+16;1;VERDADERO;FALSO;FALSO;FALSO;FALSO;FALSO;VERDADERO
8512;-9,05498E+15;0;1;3;-7,03588E+15;-8,74991E+15;-7,2357E+15;-6,96663E+15;1,88746E+15;2,34917E+16;2,53137E+15;-6,77946E+15;-6,79729E+15;-5,11926E+15;-4,9355E+15;-5,23412E+15;-6,52724E+15;-2,93581E+15;2,42653E+16;-2,96801E+14;-3,08063E+16;-3,14136E+15;-2,39943E+15;0;VERDADERO;FALSO;FALSO;FALSO;FALSO;FALSO;VERDADERO
5149;-4,43054E+15;1;2;3;-2,69643E+15;9,04712E+15;1,78235E+15;1,38865E+16;1,88746E+15;2,34917E+16;-1,48604E+15;-5,9884E+15;-6,64962E+15;-6,40076E+15;-6,31693E+14;-6,63059E+15;-6,52724E+15;-3,41942E+15;-2,13588E+16;-2,96801E+14;-3,08063E+16;-3,14136E+15;-2,93382E+16;1;FALSO;VERDADERO;FALSO;FALSO;FALSO;FALSO;VERDADERO
7791;-2,11833E+16;0;0;1;-3,78129E+15;9,04712E+15;-1,55888E+16;-1,53219E+16;-1,52194E+16;-1,53005E+16;-1,48604E+15;-6,95642E+15;-6,90983E+15;-6,77929E+15;-6,72497E+15;-6,63059E+15;-6,52724E+15;-3,41942E+15;-2,5699E+16;-2,96801E+14;-3,08063E+16;-3,14136E+15;-2,93382E+16;0;VERDADERO;FALSO;FALSO;FALSO;VERDADERO;FALSO;FALSO
11312;7,13055E+15;0;1;2;2,72789E+16;-8,74991E+15;-7,2357E+15;-6,96663E+15;-6,66599E+15;-6,47565E+15;2,53137E+15;-5,86997E+15;-5,78581E+15;-5,62569E+15;-5,48142E+15;-2,61619E+16;-3,49751E+15;1,41063E+16;9,02254E+15;1,57572E+16;1,24984E+16;-1,83229E+16;-2,715E+15;0;FALSO;VERDADERO;FALSO;FALSO;VERDADERO;FALSO;FALSO
19044;-6,74276E+15;0;1;3;-1,35451E+15;1,48605E+15;1,11736E+16;-1,53219E+16;-1,52194E+16;-1,53005E+16;-1,48604E+15;2,3938E+16;-6,90983E+15;-6,77929E+15;-6,72497E+15;-6,63059E+15;-6,52724E+15;-3,41942E+15;-2,5699E+16;-2,96801E+14;-3,08063E+16;-3,14136E+15;-2,93382E+16;0;VERDADERO;FALSO;FALSO;FALSO;FALSO;FALSO;VERDADERO
10785;-6,74276E+15;0;1;1;-2,69643E+15;1,79456E+16;1,78235E+15;1,80992E+15;1,89944E+15;1,99988E+16;1,99232E+16;3,55766E+16;9,4895E+15;1,37882E+16;2,18244E+15;3,00703E+15;3,5038E+16;-1,30627E+16;-1,65846E+15;-1,71849E+16;-1,61247E+15;-1,70139E+16;-1,75253E+16;0;VERDADERO;FALSO;FALSO;FALSO;VERDADERO;FALSO;FALSO
22247;-5,97202E+15;0;1;3;-1,13753E+16;1,48605E+15;-7,2357E+15;-6,96663E+15;-6,66599E+15;-6,47565E+15;-6,16452E+15;-3,20031E+16;-5,24276E+15;-6,11568E+15;-2,30632E+15;-5,15385E+15;-5,67019E+15;6,30574E+15;1,27247E+15;1,34973E+16;2,68221E+16;2,09197E+16;-2,69306E+16;0;VERDADERO;FALSO;FALSO;FALSO;FALSO;FALSO;VERDADERO
3269;-6,74276E+15;0;1;1;-1,61156E+16;1,48605E+15;1,11736E+16;1,38865E+16;1,88746E+15;-6,47565E+15;2,53137E+15;3,72986E+15;4,40618E+16;4,2781E+15;-1,40925E+16;-2,12405E+16;-1,71708E+16;-1,0044E+16;-1,55733E+16;-1,24594E+16;1,49828E+16;-1,83229E+16;-1,80878E+16;0;VERDADERO;FALSO;FALSO;FALSO;VERDADERO;FALSO;FALSO
15948;-1,05965E+16;0;1;1;-5,95102E+15;2,68442E+15;1,78235E+15;1,80992E+15;6,17616E+16;6,41229E+13;6,34026E+15;-6,63048E+15;-6,57263E+15;-6,43321E+14;-6,35191E+15;-6,23582E+14;-6,12424E+14;-3,41942E+15;-2,5699E+16;-2,96801E+14;-3,08063E+16;-3,14136E+15;-2,93382E+16;1;VERDADERO;FALSO;FALSO;FALSO;FALSO;FALSO;VERDADERO
14978;2,50611E+15;1;0;1;-7,03588E+15;-8,74991E+15;-7,2357E+15;-6,96663E+15;-6,66599E+15;-6,47565E+15;-6,16452E+15;-5,65472E+15;-6,67295E+12;-6,66104E+15;-6,43134E+15;-5,54219E+15;-5,85792E+15;-2,3719E+15;-2,21226E+16;-1,89512E+15;1,1432E+16;-5,3239E+15;-1,55002E+16;0;VERDADERO;FALSO;FALSO;FALSO;FALSO;FALSO;VERDADERO
14475;-4,43054E+15;0;1;3;3,81275E+15;1,48605E+15;1,11736E+16;1,38865E+16;1,88746E+15;2,34917E+16;2,53137E+15;2,1672E+15;8,20441E+15;7,70919E+15;7,99924E+14;1,21416E+15;1,70373E+16;-1,4344E+16;-7,2792E+15;-1,92466E+15;-1,98717E+16;-1,76684E+16;-1,79753E+15;0;VERDADERO;FALSO;FALSO;FALSO;VERDADERO;FALSO;FALSO
28695;-5,20128E+15;0;2;3;-2,69643E+15;1,48605E+15;1,11736E+16;1,38865E+16;1,88746E+15;2,34917E+16;2,53137E+15;3,20823E+15;3,01857E+14;2,41979E+15;2,70287E+15;2,36077E+16;2,16685E+16;-1,60815E+16;-1,26784E+16;-1,4345E+15;-1,80397E+13;-1,83229E+16;-1,80878E+16;0;VERDADERO;FALSO;FALSO;FALSO;FALSO;FALSO;VERDADERO
14055;-1,05965E+16;0;1;1;1,68311E+15;1,48605E+15;1,11736E+16;1,38865E+16;1,88746E+15;2,34917E+16;2,53137E+15;-5,47967E+15;-5,2384E+15;-4,91824E+15;-4,67902E+16;-4,42025E+15;-4,22594E+15;-2,69189E+16;-2,04256E+16;-2,7005E+15;-2,76912E+15;-2,81999E+15;-2,64806E+15;0;VERDADERO;FALSO;FALSO;FALSO;VERDADERO;FALSO;FALSO
26546;2,50611E+15;0;1;1;1,57462E+16;-1,76484E+16;-1,55888E+16;-1,53219E+16;-1,52194E+16;-1,53005E+16;-1,48604E+15;-6,9006E+15;-6,84619E+14;-6,72911E+15;-6,66917E+15;-6,52005E+15;-6,25522E+15;-3,14592E+16;-2,41886E+16;-2,76411E+16;-2,65167E+15;-2,08102E+16;-2,71781E+15;0;VERDADERO;FALSO;FALSO;FALSO;VERDADERO;FALSO;FALSO
14981;-1,05965E+16;1;1;1;-1,35451E+15;1,79456E+16;1,78235E+15;1,80992E+15;1,89944E+15;1,99988E+16;1,99232E+16;-3,12344E+16;-2,79645E+16;-2,65013E+15;-2,04191E+16;-1,60971E+16;-1,52448E+15;-2,33266E+16;-2,50479E+16;-1,69009E+15;-2,4423E+16;-3,14136E+15;-2,54006E+15;1;VERDADERO;FALSO;FALSO;FALSO;FALSO;FALSO;VERDADERO
17637;1,48379E+16;0;1;1;-2,69643E+15;1,48605E+15;1,11736E+16;1,38865E+16;-1,52194E+16;-1,53005E+16;-1,48604E+15;-5,38162E+15;-5,25541E+15;-6,77929E+15;-6,72497E+15;-6,63059E+15;-6,52724E+15;-2,78064E+15;-2,5699E+16;-2,96801E+14;-3,08063E+16;-3,14136E+15;-2,93382E+16;0;VERDADERO;FALSO;FALSO;FALSO;FALSO;FALSO;VERDADERO
3932;-3,65981E+15;0;0;3;-1,61156E+16;1,48605E+15;1,11736E+16;1,38865E+16;1,89944E+15;1,99988E+16;1,99232E+16;7,35152E+15;8,20666E+15;9,85733E+15;1,0689E+16;1,30585E+16;1,38999E+15;-1,04605E+15;1,59668E+16;-2,96801E+14;2,9835E+16;-4,57773E+15;-2,93382E+16;1;VERDADERO;FALSO;FALSO;FALSO;VERDADERO;FALSO;FALSO
8388;-1,05965E+16;1;1;3;-8,12074E+14;1,48605E+15;1,11736E+16;1,38865E+16;1,88746E+15;2,34917E+16;-1,48604E+15;-3,41814E+16;-3,37701E+16;-3,06254E+15;-3,83604E+16;-6,63059E+15;-6,52724E+15;-2,21191E+16;-1,70186E+16;-1,83208E+16;-3,08063E+16;-3,14136E+15;-2,93382E+16;0;FALSO;VERDADERO;FALSO;FALSO;VERDADERO;FALSO;FALSO
8029;-4,43054E+15;0;0;3;-1,61156E+16;1,48605E+15;1,11736E+16;1,38865E+16;1,88746E+15;2,34917E+16;2,53137E+15;8,0789E+15;8,68437E+15;7,39123E+15;5,6176E+15;6,66039E+15;7,07809E+15;-9,36775E+15;-9,86595E+15;-1,37771E+16;-1,10181E+16;-1,09071E+16;-1,35877E+16;0;VERDADERO;FALSO;FALSO;FALSO;VERDADERO;FALSO;FALSO
9483;8,67203E+14;0;0;1;1,24917E+15;1,48605E+15;1,11736E+16;1,38865E+16;1,88746E+15;-6,47565E+15;2,53137E+15;2,80218E+14;3,11423E+15;2,38495E+16;2,34848E+16;1,98652E+16;2,27948E+16;8,65569E+15;3,94038E+15;-2,96801E+14;9,9744E+15;6,67665E+15;8,31656E+15;0;VERDADERO;FALSO;FALSO;FALSO;VERDADERO;FALSO;FALSO
22573;9,64633E+15;0;1;1;1,35765E+16;-8,74991E+15;-7,2357E+15;-6,96663E+15;-6,66599E+15;-1,53005E+16;-1,48604E+15;-6,34556E+15;-6,91012E+15;-6,66969E+15;-6,72497E+15;-6,63059E+15;-6,4861E+14;-3,41942E+15;-2,23917E+14;-2,96801E+14;-3,08063E+16;-2,981E+15;-2,43655E+16;0;VERDADERO;FALSO;FALSO;FALSO;VERDADERO;FALSO;FALSO
15108;3,27685E+15;1;1;3;1,03219E+16;-1,76484E+16;-1,55888E+16;-1,53219E+16;-1,52194E+16;-1,53005E+16;-1,48604E+15;-6,60835E+15;-6,08733E+15;-6,63047E+15;-6,60248E+15;-6,05506E+14;-5,96102E+15;1,14967E+16;-2,12199E+15;-2,52046E+16;-8,04982E+15;-9,34273E+14;5,71829E+15;0;FALSO;VERDADERO;FALSO;FALSO;VERDADERO;FALSO;FALSO
3674;-1,13672E+16;1;2;1;1,24917E+15;1,79456E+16;1,78235E+15;1,80992E+15;1,89944E+15;1,99988E+16;2,53137E+15;-5,01059E+15;-4,49374E+16;-4,26761E+15;-3,98791E+15;-3,8036E+15;-3,58399E+15;-1,53932E+16;-2,22268E+16;-2,53068E+16;-3,08063E+16;-2,63344E+16;-2,625E+16;1;VERDADERO;FALSO;FALSO;FALSO;FALSO;FALSO;VERDADERO
21389;1,02135E+16;1;0;1;2,44252E+16;-8,74991E+15;-7,2357E+15;-6,96663E+15;-1,52194E+16;-6,47565E+15;2,53137E+15;-5,10675E+15;-6,09786E+15;-7,05629E+15;-7,02358E+15;-6,31609E+15;-6,20467E+15;9,62504E+15;-2,5699E+16;-2,96801E+14;-6,3391E+15;-3,13547E+16;-2,93382E+16;0;FALSO;VERDADERO;FALSO;FALSO;VERDADERO;FALSO;FALSO
5938;2,50611E+15;0;1;1;5,58162E+15;-8,74991E+15;-7,2357E+15;-6,96663E+15;-6,66599E+15;-6,47565E+15;-6,16452E+15;-6,81111E+15;-6,33686E+15;-6,62081E+15;-6,55414E+15;-6,44982E+15;-6,3427E+15;-9,39794E+15;-2,09291E+16;-2,34382E+16;-2,3791E+16;-2,42203E+15;-2,31561E+16;0;VERDADERO;FALSO;FALSO;FALSO;VERDADERO;FALSO;FALSO
27034;2,9482E+15;1;1;3;-2,69643E+15;-1,76484E+16;-1,55888E+16;-1,53219E+16;-1,52194E+16;-1,53005E+16;-1,48604E+15;-7,02554E+15;-7,1803E+15;-6,12577E+15;-4,69347E+16;-5,79649E+15;-5,13756E+15;-3,41036E+14;1,77637E+16;8,39132E+15;3,30267E+16;3,40398E+16;1,31207E+16;0;FALSO;VERDADERO;FALSO;FALSO;VERDADERO;FALSO;FALSO
29272;1,93893E+15;1;1;1;-9,20561E+15;-8,74991E+15;-7,2357E+15;-6,96663E+15;-6,66599E+15;2,34917E+16;-6,16452E+15;-6,59015E+15;-6,90983E+15;-6,57611E+15;-6,51714E+15;-6,41067E+14;2,52098E+15;-3,41942E+15;-1,95836E+16;-2,20864E+16;-3,08063E+16;3,21282E+16;-1,80878E+16;0;FALSO;VERDADERO;FALSO;FALSO;FALSO;FALSO;VERDADERO
21881;-1,05965E+16;0;1;3;-1,46299E+16;1,79456E+16;-7,2357E+15;-6,96663E+15;-6,66599E+15;-6,47565E+15;-6,16452E+15;-6,93279E+15;-6,62953E+15;-6,27026E+15;-6,72497E+15;-5,65026E+15;-6,52724E+15;-2,21492E+16;-1,03781E+16;-2,96801E+14;7,23816E+15;-3,14136E+15;-1,93366E+16;0;VERDADERO;FALSO;FALSO;FALSO;FALSO;FALSO;VERDADERO
6509;2,56283E+15;0;1;3;5,58162E+15;1,48605E+15;1,11736E+16;1,38865E+16;1,88746E+15;-1,53005E+16;-6,16452E+15;-4,05452E+15;-3,94605E+15;-4,95155E+16;-5,82293E+15;-5,66983E+14;-6,15329E+15;-9,64548E+14;-3,98066E+15;-2,95211E+15;-1,7829E+15;-1,09267E+16;5,02766E+15;0;FALSO;VERDADERO;FALSO;FALSO;FALSO;FALSO;VERDADERO
21458;9,64633E+15;0;1;3;-1,24602E+16;1,48605E+15;1,11736E+16;1,38865E+16;1,88746E+15;-6,47565E+15;2,53137E+15;-5,86576E+15;-5,60751E+15;-5,47731E+15;-4,98617E+16;-2,79482E+15;-5,40791E+15;-2,20647E+16;-1,43016E+15;-1,26411E+15;1,18052E+15;-2,48683E+16;-2,3713E+16;1;VERDADERO;FALSO;FALSO;FALSO;FALSO;FALSO;VERDADERO
20072;7,90129E+15;0;0;3;5,58162E+15;1,48605E+15;1,11736E+16;1,38865E+16;1,88746E+15;2,34917E+16;2,53137E+15;-4,6886E+16;-4,3937E+16;-4,02305E+15;-3,56308E+15;-3,23942E+15;-3,80312E+16;-2,33266E+16;-1,91887E+16;-2,05927E+16;-2,55081E+15;-2,48683E+16;-2,3713E+16;0;VERDADERO;FALSO;FALSO;FALSO;FALSO;FALSO;VERDADERO
27013;2,56283E+15;1;0;1;8,15221E+15;1,48605E+15;1,11736E+16;1,38865E+16;1,88746E+15;2,34917E+16;2,53137E+15;9,93265E+14;1,09144E+15;1,19055E+16;1,34615E+16;1,3236E+15;9,95603E+14;-6,62066E+15;-4,92248E+15;-2,73011E+15;-3,63897E+15;-9,67655E+15;-1,06288E+16;0;FALSO;VERDADERO;FALSO;FALSO;VERDADERO;FALSO;FALSO
10093;9,64633E+15;0;2;1;8,15221E+15;-8,74991E+15;-7,2357E+15;-6,96663E+15;-6,66599E+15;-6,47565E+15;-6,16452E+15;-6,75638E+15;-3,68261E+15;-2,84047E+15;-4,65523E+14;-5,2828E+15;-4,3779E+16;1,04482E+16;9,31874E+15;4,59446E+16;2,66434E+16;5,23667E+14;2,38761E+15;0;VERDADERO;FALSO;FALSO;FALSO;VERDADERO;FALSO;FALSO
22568;8,67203E+14;1;0;3;-4,86615E+15;-1,76484E+16;-1,55888E+16;-1,53219E+16;-1,52194E+16;-1,53005E+16;-1,48604E+15;-6,95642E+15;-6,90983E+15;-6,77929E+15;-6,60264E+15;-6,42778E+15;-6,52724E+15;-3,41942E+15;-2,5699E+16;-2,52102E+16;-2,29357E+15;-3,14136E+15;-2,93382E+16;1;FALSO;VERDADERO;FALSO;FALSO;VERDADERO;FALSO;FALSO
12977;-9,05498E+15;1;1;1;-5,26701E+16;9,04712E+15;-7,2357E+15;-6,96663E+15;-6,66599E+15;-1,53005E+16;-1,48604E+15;-6,95642E+15;-6,75275E+15;-6,68311E+15;-6,72497E+15;-6,63059E+15;-6,52724E+15;-2,74442E+16;-2,2778E+15;-2,96801E+14;-3,08063E+16;-3,14136E+15;-2,93382E+16;0;FALSO;VERDADERO;FALSO;FALSO;VERDADERO;FALSO;FALSO
3814;-8,28424E+15;0;1;1;7,06734E+14;1,48605E+15;1,11736E+16;1,38865E+16;1,88746E+15;2,34917E+16;2,53137E+15;9,56163E+15;1,22855E+16;1,72663E+15;-4,02802E+15;-3,68023E+16;-3,62261E+15;-1,4874E+15;-1,26784E+16;-2,51364E+16;-2,4423E+16;-2,48683E+16;-2,3713E+16;0;VERDADERO;FALSO;FALSO;FALSO;VERDADERO;FALSO;FALSO
7338;4,81833E+15;0;0;1;5,58162E+15;-8,74991E+15;-7,2357E+15;1,80992E+15;-6,66599E+15;-6,47565E+15;-6,16452E+15;-6,83718E+15;-5,56564E+15;-6,33602E+15;-6,15605E+15;-6,00719E+15;-5,51873E+15;2,36094E+16;-2,5699E+16;-8,89255E+15;-6,61358E+15;7,89769E+15;2,42726E+15;1;FALSO;VERDADERO;FALSO;FALSO;VERDADERO;FALSO;FALSO
24484;-5,76846E+15;1;0;1;5,98248E+15;9,04712E+15;-1,55888E+16;-1,53219E+16;-1,52194E+16;-1,53005E+16;-1,48604E+15;-6,95642E+15;-6,90983E+15;-6,77929E+15;-6,72497E+15;-6,63059E+15;-6,52724E+15;-3,41942E+15;-2,5699E+16;-2,96801E+14;-3,08063E+16;-3,14136E+15;-2,93382E+16;1;FALSO;VERDADERO;FALSO;FALSO;FALSO;FALSO;VERDADERO
19593;1,93893E+15;0;1;1;1,03219E+16;1,48605E+15;1,11736E+16;1,38865E+16;1,88746E+15;2,34917E+16;2,53137E+15;1,60796E+16;1,69679E+16;1,771E+16;1,86106E+16;1,40893E+15;1,49062E+16;2,52019E+15;1,80047E+14;-1,17464E+16;-2,38784E+16;-1,35742E+16;-3,02918E+16;0;VERDADERO;FALSO;FALSO;FALSO;VERDADERO;FALSO;FALSO
5122;2,50611E+15;1;0;1;1,64303E+16;-8,74991E+15;1,78235E+15;-6,96663E+15;-6,66599E+15;-6,47565E+15;-6,16452E+15;-6,89585E+15;-6,89255E+15;-6,76155E+15;-6,69388E+15;-6,61035E+15;-6,48023E+15;-3,41942E+15;-2,51651E+16;-2,85442E+15;-3,00211E+15;-2,95809E+16;-2,84888E+16;1;VERDADERO;FALSO;FALSO;FALSO;FALSO;FALSO;VERDADERO
14906;-5,97202E+15;0;1;2;1,14068E+15;1,48605E+15;1,11736E+16;1,38865E+16;1,88746E+15;2,34917E+16;2,53137E+15;3,53633E+15;-3,15965E+15;-3,74157E+16;-3,55049E+16;-3,28712E+16;-4,24038E+16;1,61168E+15;-1,92147E+16;-2,62723E+16;-2,4423E+16;-2,48683E+16;-2,78925E+15;0;FALSO;VERDADERO;FALSO;FALSO;FALSO;FALSO;VERDADERO
8224;-1,05965E+16;1;1;3;-5,95102E+15;3,57427E+16;2,61765E+15;1,80992E+15;1,89944E+15;1,99988E+16;2,53137E+15;-2,80593E+15;-2,72156E+16;-2,60903E+16;-2,07921E+16;-1,77419E+16;-2,3283E+15;-3,41942E+15;-2,5699E+16;-1,88888E+16;-3,07105E+15;-2,46719E+16;1,43929E+16;0;VERDADERO;FALSO;FALSO;FALSO;VERDADERO;FALSO;FALSO
2869;-1,34759E+16;0;0;3;-9,20561E+15;-8,74991E+15;-7,2357E+15;-1,53219E+16;-1,52194E+16;-1,53005E+16;-1,48604E+15;-6,77376E+15;-6,90983E+15;-6,77929E+15;-6,72497E+15;-6,63059E+15;-6,52724E+15;-3,41942E+15;-2,5699E+16;-2,96801E+14;-3,08063E+16;-3,14136E+15;1,10999E+16;0;VERDADERO;FALSO;FALSO;FALSO;VERDADERO;FALSO;FALSO
2343;9,44277E+15;1;1;1;1,57462E+16;1,48605E+15;1,11736E+16;1,38865E+16;1,88746E+15;2,34917E+16;2,53137E+15;5,09131E+15;4,22001E+15;4,9443E+16;6,33747E+15;7,59943E+15;8,59472E+15;-1,33103E+16;-8,33821E+15;-1,2818E+16;-5,27309E+16;1,31308E+16;-1,21224E+15;0;FALSO;VERDADERO;FALSO;FALSO;VERDADERO;FALSO;FALSO
8833;2,33161E+15;1;1;3;-1,61156E+16;1,48605E+15;1,11736E+16;1,38865E+16;1,88746E+15;2,34917E+16;2,53137E+15;2,66559E+16;2,75911E+15;2,75635E+13;3,0676E+16;3,12241E+15;2,67491E+15;2,02887E+16;1,9439E+15;2,71165E+14;1,28776E+16;2,09491E+16;1,56633E+16;0;FALSO;VERDADERO;FALSO;FALSO;VERDADERO;FALSO;FALSO
7933;-2,88907E+15;1;0;1;3,74435E+15;9,04712E+15;-1,55888E+16;-1,53219E+16;-1,52194E+16;-1,53005E+16;-1,48604E+15;-6,95642E+15;-6,90983E+15;-6,77929E+15;-6,72497E+15;-6,63059E+15;-6,52724E+15;-3,41942E+15;-2,5699E+16;-2,96801E+14;-3,08063E+16;-3,14136E+15;-2,93382E+16;1;VERDADERO;FALSO;FALSO;FALSO;VERDADERO;FALSO;FALSO
16558;8,67203E+14;1;1;3;-9,20561E+15;-1,76484E+16;-1,55888E+16;-1,53219E+16;-1,52194E+16;-1,53005E+16;-1,48604E+15;-6,74375E+15;-6,50631E+15;-6,5526E+15;-6,34616E+15;-6,37202E+14;-6,26328E+14;-1,67396E+16;-1,88154E+15;-1,5799E+16;-2,06824E+16;-2,10785E+16;-2,0456E+16;0;FALSO;VERDADERO;FALSO;FALSO;FALSO;FALSO;VERDADERO
20605;-4,43054E+15;1;1;3;-7,03588E+15;1,48605E+15;1,11736E+16;1,38865E+16;1,88746E+15;2,34917E+16;2,53137E+15;7,29883E+15;8,1551E+15;9,00972E+14;1,06776E+15;1,1754E+16;1,22296E+16;-1,0044E+16;-8,33821E+15;-5,25756E+15;-4,22623E+16;-1,95959E+16;-5,7124E+16;0;FALSO;VERDADERO;FALSO;FALSO;FALSO;FALSO;VERDADERO
12984;-1,05965E+16;1;0;3;-4,86615E+15;1,48605E+15;1,11736E+16;1,38865E+16;1,88746E+15;2,34917E+16;2,53137E+15;-3,09981E+15;-4,30349E+16;-4,87614E+16;-4,66969E+15;-4,22583E+14;-3,60951E+16;-2,163E+16;-2,05081E+16;-2,40005E+15;-1,80397E+13;-1,17776E+16;-1,21224E+15;0;FALSO;VERDADERO;FALSO;FALSO;VERDADERO;FALSO;FALSO
3015;2,50611E+15;1;0;3;-5,26701E+16;-8,74991E+15;-7,2357E+15;-6,96663E+15;-6,66599E+15;-6,47565E+15;-6,16452E+15;-5,94752E+15;-3,49209E+15;-9,74092E+15;-4,3773E+15;-4,31481E+16;-3,02146E+16;1,12669E+15;1,49059E+16;5,64179E+15;5,90641E+15;1,0524E+16;1,20944E+15;0;FALSO;VERDADERO;FALSO;FALSO;VERDADERO;FALSO;FALSO
27332;8,67203E+14;1;1;1;3,81275E+15;-1,76484E+16;-1,55888E+16;-1,53219E+16;-1,52194E+16;-1,53005E+16;-1,48604E+15;-6,74931E+15;-5,87137E+15;-6,02455E+15;-6,20952E+15;-6,14207E+15;-5,85927E+15;1,06648E+16;-2,98242E+15;-1,08464E+15;-1,18479E+16;-5,37626E+15;-1,10113E+15;0;FALSO;VERDADERO;FALSO;FALSO;VERDADERO;FALSO;FALSO
12125;1,94624E+16;1;0;3;7,06734E+14;1,48605E+15;1,11736E+16;1,38865E+16;1,88746E+15;2,34917E+16;2,53137E+15;1,4204E+16;1,49078E+15;1,00034E+15;9,90149E+15;8,5564E+15;8,51244E+15;-1,60949E+16;-1,05537E+16;-9,36396E+14;-1,15096E+16;-1,16074E+16;-1,23951E+16;0;VERDADERO;FALSO;FALSO;FALSO;FALSO;FALSO;VERDADERO
3753;1,48379E+16;0;0;1;-4,86615E+15;-1,76484E+16;-1,55888E+16;-1,53219E+16;-6,66599E+15;2,34917E+16;-6,16452E+15;-6,9571E+15;-6,91054E+15;-6,78001E+15;-6,06713E+15;-6,10605E+15;-5,26602E+15;-3,41942E+15;-2,5699E+16;-5,61538E+15;-3,07041E+15;1,79906E+16;-6,24679E+15;0;VERDADERO;FALSO;FALSO;FALSO;VERDADERO;FALSO;FALSO
27388;-3,65981E+15;1;1;1;8,15221E+15;-8,74991E+15;-7,2357E+15;-1,53219E+16;-6,66599E+15;-6,47565E+15;-6,16452E+15;-6,417E+15;-6,51516E+15;-6,63206E+15;-6,36574E+15;-5,99436E+15;-6,02685E+15;-1,71924E+16;-2,12676E+15;-1,64976E+16;-6,11568E+16;-1,19085E+15;-2,93382E+16;0;FALSO;VERDADERO;FALSO;FALSO;FALSO;FALSO;VERDADERO
12336;3,27685E+15;1;1;3;-1,02905E+16;1,48605E+15;1,11736E+16;1,38865E+16;1,88746E+15;2,34917E+16;2,53137E+15;2,11165E+15;2,08048E+16;1,34721E+16;1,23446E+16;1,31429E+16;1,24429E+16;1,33093E+15;-3,99802E+13;-1,25908E+16;-2,08144E+15;-5,55953E+15;-7,96247E+15;0;FALSO;VERDADERO;FALSO;FALSO;VERDADERO;FALSO;FALSO
11545;1,02135E+16;0;1;1;-1,61156E+16;-8,74991E+15;-7,2357E+15;-6,96663E+15;-6,66599E+15;-6,47565E+15;-6,16452E+15;-6,82061E+15;-6,76933E+15;-6,63509E+15;-6,56953E+15;-6,30162E+15;-6,35932E+15;-2,81566E+15;-2,13588E+16;-2,40005E+15;-1,80397E+13;-2,48683E+16;-2,3713E+16;1;FALSO;VERDADERO;FALSO;FALSO;VERDADERO;FALSO;FALSO
11357;-1,05965E+16;0;2;1;8,15221E+15;9,04712E+15;1,78235E+15;1,80992E+15;1,89944E+15;1,99988E+16;1,99232E+16;-5,24486E+15;-5,06882E+15;-4,79149E+16;-4,56259E+16;-4,40215E+16;-4,09832E+16;-2,81566E+15;-2,04907E+16;-2,60111E+15;-3,08063E+16;-2,29047E+13;-2,3713E+16;0;VERDADERO;FALSO;FALSO;FALSO;VERDADERO;FALSO;FALSO
2677;-3,65981E+15;1;0;1;1,68311E+15;1,48605E+15;1,11736E+16;1,80992E+15;1,88746E+15;2,34917E+16;2,53137E+15;1,01146E+16;1,14204E+16;1,21514E+16;1,32642E+16;1,27063E+16;1,30741E+15;1,59175E+16;-6,16811E+15;-5,48475E+16;-1,47503E+16;-3,19666E+14;-5,26238E+15;0;VERDADERO;FALSO;FALSO;FALSO;FALSO;FALSO;VERDADERO
28739;5,58907E+15;0;1;1;-4,86615E+15;-8,74991E+15;-7,2357E+15;-6,96663E+15;-6,66599E+15;-6,47565E+15;-6,16452E+15;-6,93143E+15;-6,90983E+15;-6,41879E+15;-4,78192E+15;-6,50739E+15;-6,0522E+15;-3,41942E+15;-1,48485E+15;4,13157E+14;-2,60252E+14;-1,28969E+16;-1,30251E+16;0;VERDADERO;FALSO;FALSO;FALSO;FALSO;FALSO;VERDADERO
29996;4,04759E+16;1;2;1;3,81275E+15;1,48605E+15;1,11736E+16;1,38865E+16;1,88746E+15;2,34917E+16;2,53137E+15;1,87038E+16;2,01814E+16;2,32669E+15;6,95474E+15;-1,49259E+16;-3,84392E+15;1,7125E+16;6,11048E+15;-1,26476E+16;-1,13564E+16;1,31308E+16;-2,3713E+16;0;FALSO;VERDADERO;FALSO;FALSO;FALSO;FALSO;VERDADERO
20748;1,48379E+16;1;1;1;5,58162E+15;-1,76484E+16;-1,55888E+16;-1,53219E+16;-1,52194E+16;-1,53005E+16;-1,48604E+15;-6,32207E+15;-6,77945E+15;-6,00292E+15;-6,64741E+15;-6,53255E+15;-6,13465E+15;-2,85853E+16;-2,24025E+16;-2,68403E+15;-2,69954E+15;-1,60975E+16;-1,44371E+15;0;FALSO;VERDADERO;FALSO;FALSO;VERDADERO;FALSO;FALSO
13376;-1,21379E+16;0;2;1;2,44252E+16;1,48605E+15;1,11736E+16;1,38865E+16;1,88746E+15;2,34917E+16;2,53137E+15;-5,92851E+15;-5,70178E+15;-5,39641E+15;-5,20442E+15;-4,98805E+15;-4,98694E+16;-2,72027E+16;-2,07077E+15;-2,77774E+15;-2,85976E+15;-2,92144E+15;-2,18961E+15;0;VERDADERO;FALSO;FALSO;FALSO;VERDADERO;FALSO;FALSO
17987;5,58907E+15;1;0;1;2,72789E+16;-8,74991E+15;2,61765E+15;1,80992E+15;-6,66599E+15;-6,47565E+15;2,53137E+15;-6,09636E+15;-6,43774E+15;-6,59312E+15;-6,29906E+15;-6,26198E+15;-6,34925E+15;-3,41942E+15;-2,56555E+16;-1,41178E+16;-1,65013E+15;-3,14136E+15;-1,39758E+16;0;FALSO;VERDADERO;FALSO;FALSO;FALSO;FALSO;VERDADERO
7886;-9,05498E+15;0;0;3;-1,24602E+16;1,48605E+15;1,11736E+16;1,38865E+16;-1,52194E+16;-1,53005E+16;-1,48604E+15;-5,21729E+14;-5,01444E+15;-6,77929E+15;-6,72497E+15;-6,63059E+15;-6,52724E+15;1,12203E+16;-2,5699E+16;-2,96801E+14;-3,08063E+16;-3,14136E+15;-2,93382E+16;1;FALSO;VERDADERO;FALSO;FALSO;FALSO;FALSO;VERDADERO
13333;-9,05498E+15;0;1;1;1,46614E+16;1,48605E+15;1,11736E+16;1,38865E+16;1,88746E+15;2,34917E+16;2,53137E+15;-4,85414E+15;-1,11103E+16;4,85498E+15;-3,74915E+15;-3,73155E+16;-3,63134E+15;-2,07908E+15;-1,48485E+15;-2,60224E+15;-2,67975E+16;-2,72115E+15;-2,09004E+16;0;VERDADERO;FALSO;FALSO;FALSO;VERDADERO;FALSO;FALSO
9586;-6,74276E+15;0;1;1;-1,24602E+16;-8,74991E+15;1,11736E+16;1,38865E+16;-6,66599E+15;-6,47565E+15;-1,48604E+15;-6,75787E+15;-6,56251E+15;-6,77929E+15;-6,64849E+14;-6,63059E+15;-6,52724E+15;-2,51258E+15;-2,5699E+16;-2,68857E+14;-3,08063E+16;-3,14136E+15;-2,93382E+16;0;FALSO;VERDADERO;FALSO;FALSO;FALSO;FALSO;VERDADERO
6333;1,93893E+15;1;0;1;2,65949E+15;1,48605E+15;1,11736E+16;1,38865E+16;1,88746E+15;2,34917E+16;2,53137E+15;1,61793E+16;1,8172E+16;7,38056E+15;8,83623E+15;9,09887E+15;8,49666E+15;3,64452E+15;-1,00743E+16;-9,8013E+15;-8,46474E+15;-9,814E+15;-9,65003E+15;1;VERDADERO;FALSO;FALSO;FALSO;VERDADERO;FALSO;FALSO
24430;-9,05498E+15;1;2;3;3,81275E+15;1,48605E+15;1,11736E+16;1,38865E+16;1,88746E+15;2,34917E+16;2,53137E+15;-1,55774E+16;-1,1912E+16;-8,17779E+15;-2,85854E+16;1,432E+16;3,88769E+15;-2,21191E+16;-1,70186E+16;-1,83208E+16;-2,0593E+16;-1,83229E+16;-1,80878E+16;1;FALSO;VERDADERO;FALSO;FALSO;VERDADERO;FALSO;FALSO
18080;-9,05498E+15;1;1;3;7,06734E+14;1,48605E+15;1,11736E+16;1,38865E+16;1,88746E+15;2,34917E+16;2,53137E+15;-2,34717E+15;1,97678E+16;3,15343E+15;1,01039E+16;-3,60852E+15;-3,30541E+16;-1,60815E+16;-1,26784E+16;-1,26241E+15;1,1102E+16;-1,83229E+16;-2,09004E+16;0;FALSO;VERDADERO;FALSO;FALSO;VERDADERO;FALSO;FALSO
5202;4,81833E+15;1;0;3;5,58162E+15;1,48605E+15;1,11736E+16;1,38865E+16;1,88746E+15;2,34917E+16;2,53137E+15;2,27357E+15;2,44517E+15;1,62826E+16;1,53223E+16;2,84716E+14;3,08648E+16;2,63866E+16;-1,39391E+15;3,13933E+16;6,07523E+15;5,25173E+15;2,07823E+16;0;FALSO;VERDADERO;FALSO;FALSO;VERDADERO;FALSO;FALSO
748;1,02135E+16;0;2;1;-1,61156E+16;1,48605E+15;1,11736E+16;1,38865E+16;1,88746E+15;2,34917E+16;2,53137E+15;3,11809E+16;3,17712E+15;3,24361E+16;2,33384E+16;2,42204E+16;2,55566E+15;3,22189E+16;2,63833E+15;1,12135E+15;1,06851E+16;8,99076E+14;1,60035E+15;1;VERDADERO;FALSO;FALSO;FALSO;FALSO;FALSO;VERDADERO
9761;8,67203E+14;0;1;1;-7,03588E+15;1,48605E+15;1,11736E+16;1,38865E+16;1,88746E+15;2,34917E+16;2,53137E+15;2,47837E+15;5,338E+15;5,87944E+15;6,7225E+15;7,11371E+15;7,71349E+15;2,62055E+14;-1,23919E+16;-1,16699E+16;-8,45835E+15;-1,15812E+15;-1,36495E+16;0;FALSO;VERDADERO;FALSO;FALSO;VERDADERO;FALSO;FALSO
29613;-1,13672E+16;1;1;2;1,24917E+15;-8,74991E+15;-7,2357E+15;1,80992E+15;1,89944E+15;-6,47565E+15;-6,16452E+15;-6,90345E+15;-6,80024E+15;-6,72305E+15;-6,72497E+15;-6,50229E+15;-6,52724E+15;-2,94849E+16;-2,5699E+16;-2,96801E+14;-2,58273E+15;-3,14136E+15;-2,93382E+16;1;FALSO;VERDADERO;FALSO;FALSO;VERDADERO;FALSO;FALSO
19993;5,58907E+15;0;1;1;-1,61156E+16;-8,74991E+15;-7,2357E+15;1,38865E+16;1,88746E+15;-6,47565E+15;-6,16452E+15;-6,8714E+15;-6,63993E+15;-3,78858E+16;-3,41805E+15;-6,48452E+15;-6,46679E+14;-2,2596E+16;5,67646E+15;-1,47767E+16;-2,51379E+14;-2,90573E+15;-2,73131E+15;0;VERDADERO;FALSO;FALSO;FALSO;VERDADERO;FALSO;FALSO
23190;-5,20128E+15;0;1;1;7,06734E+14;1,48605E+15;1,11736E+16;1,38865E+16;1,88746E+15;2,34917E+16;2,53137E+15;1,73297E+15;2,35174E+16;2,97915E+16;3,57973E+15;4,52029E+16;4,75378E+16;-1,60815E+16;-8,33821E+15;-1,26411E+15;-1,4848E+16;-1,17776E+16;-1,52752E+14;0;VERDADERO;FALSO;FALSO;FALSO;VERDADERO;FALSO;FALSO
25536;1,48379E+16;0;0;3;-5,26701E+16;-8,74991E+15;-7,2357E+15;-6,96663E+15;-6,66599E+15;2,34917E+16;2,53137E+15;-6,7561E+15;-5,01781E+15;-4,24368E+16;-4,02739E+16;-4,29041E+15;-2,75078E+15;5,15391E+15;5,08229E+14;7,10828E+15;1,30072E+15;3,40398E+16;-2,81232E+15;0;VERDADERO;FALSO;FALSO;FALSO;VERDADERO;FALSO;FALSO
17964;-7,5135E+15;1;1;3;-3,78129E+15;1,48605E+15;1,11736E+16;1,38865E+16;1,88746E+15;2,34917E+16;2,53137E+15;2,73141E+15;2,98063E+16;1,21703E+16;3,19594E+15;1,97835E+16;3,2983E+16;-1,24046E+16;-1,47487E+16;-1,58161E+15;-1,14138E+16;-1,81331E+16;3,64448E+16;1;FALSO;VERDADERO;FALSO;FALSO;FALSO;FALSO;VERDADERO
25247;7,90129E+15;0;1;3;-1,13753E+16;1,48605E+15;1,11736E+16;1,38865E+16;1,88746E+15;2,34917E+16;2,53137E+15;-1,72451E+16;-1,36107E+16;-1,8912E+15;-1,24215E+16;-5,11612E+15;-1,24675E+16;-2,21191E+16;-1,70186E+16;-1,83208E+16;-1,54353E+15;-2,15956E+16;-1,80147E+16;0;VERDADERO;FALSO;FALSO;FALSO;FALSO;FALSO;VERDADERO
5082;9,44277E+15;0;1;1;5,58162E+15;-1,76484E+16;-1,55888E+16;-1,53219E+16;-1,52194E+16;-1,53005E+16;-1,48604E+15;-6,85402E+15;-6,9236E+15;-6,82384E+15;-6,71518E+15;-6,59325E+15;-6,36839E+15;-3,41942E+15;-2,5699E+16;-2,68403E+15;-2,70401E+15;-2,45737E+16;-2,93382E+16;0;VERDADERO;FALSO;FALSO;FALSO;VERDADERO;FALSO;FALSO
9351;1,79209E+16;0;1;1;-1,61156E+16;-8,74991E+15;-7,2357E+15;1,38865E+16;-6,66599E+15;-6,47565E+15;2,53137E+15;-4,92123E+16;-3,28878E+15;-4,95934E+16;-4,5514E+16;-6,07496E+15;-5,89419E+15;1,21406E+16;-1,91887E+16;4,97386E+15;-9,2435E+14;-1,83229E+16;2,32742E+16;0;VERDADERO;FALSO;FALSO;FALSO;FALSO;FALSO;VERDADERO
10983;1,02135E+16;0;0;1;2,551E+15;-8,74991E+15;-7,2357E+15;1,80992E+15;1,89944E+15;1,99988E+16;1,99232E+16;-6,6169E+14;-6,55858E+15;-6,41879E+15;-6,33636E+15;-6,21938E+15;-6,10745E+15;-3,41942E+15;-2,5699E+16;-2,96801E+14;-3,08063E+16;-3,14136E+15;-2,93382E+16;0;VERDADERO;FALSO;FALSO;FALSO;VERDADERO;FALSO;FALSO
23622;3,27685E+15;0;2;1;9,23707E+15;-1,76484E+16;-1,55888E+16;-1,53219E+16;-1,52194E+16;-1,53005E+16;-1,48604E+15;-5,35785E+14;-5,01838E+15;-4,22609E+15;-6,72497E+15;-5,70191E+15;-4,04324E+16;4,70834E+15;5,11484E+15;-2,96801E+14;5,23381E+15;6,54116E+15;1,21532E+16;1;VERDADERO;FALSO;FALSO;FALSO;VERDADERO;FALSO;FALSO
13236;-9,05498E+15;0;1;1;2,11706E+15;1,48605E+15;1,11736E+16;1,80992E+15;1,88746E+15;2,34917E+16;2,53137E+15;-1,79798E+15;-1,11631E+16;-1,34281E+16;-2,3444E+16;-1,90808E+16;-1,59585E+16;-1,06477E+16;-2,5699E+16;-2,22966E+16;-2,37846E+16;-2,42137E+16;-2,3713E+16;1;VERDADERO;FALSO;FALSO;FALSO;FALSO;FALSO;VERDADERO
19368;-4,43054E+15;0;1;1;3,81275E+15;1,48605E+15;1,11736E+16;1,38865E+16;1,88746E+15;2,34917E+16;2,53137E+15;5,68858E+15;5,90381E+15;5,49731E+15;5,78688E+14;6,35823E+15;7,0116E+15;-1,4717E+16;-1,24614E+16;-1,39758E+16;-1,60992E+16;-1,57048E+16;-1,87347E+16;0;VERDADERO;FALSO;FALSO;FALSO;VERDADERO;FALSO;FALSO
1191;5,58907E+15;0;0;3;-7,03588E+15;1,48605E+15;1,11736E+16;1,38865E+16;1,88746E+15;2,34917E+16;-1,48604E+15;-6,53637E+15;-6,58359E+15;-5,59887E+15;-6,1063E+15;-6,63059E+15;-6,52724E+15;-2,21191E+16;-1,69318E+15;-1,5481E+14;-3,08063E+16;-3,14136E+15;-2,88601E+15;0;FALSO;VERDADERO;FALSO;FALSO;FALSO;FALSO;VERDADERO
822;-9,05498E+15;0;1;3;-1,24602E+16;9,04712E+15;1,78235E+15;1,38865E+16;1,88746E+15;2,34917E+16;2,53137E+15;-3,20818E+15;-1,54143E+16;2,30842E+16;-2,57974E+15;-2,34808E+16;-2,01866E+16;-2,21191E+16;-1,60073E+16;-2,3529E+16;-2,37846E+16;-2,22501E+15;-1,24626E+16;1;FALSO;VERDADERO;FALSO;FALSO;VERDADERO;FALSO;FALSO
15879;-6,74276E+15;0;2;1;-8,12074E+14;1,48605E+15;1,11736E+16;1,38865E+16;1,88746E+15;2,34917E+16;2,53137E+15;1,72156E+15;2,27109E+16;2,76256E+15;2,39696E+15;5,1148E+15;9,05954E+15;-1,60815E+16;-1,49787E+15;-1,70258E+16;-2,11292E+15;-1,83229E+16;-2,05854E+15;1;VERDADERO;FALSO;FALSO;FALSO;VERDADERO;FALSO;FALSO
20498;-1,13672E+16;1;1;3;-1,24602E+16;9,04712E+15;1,78235E+15;1,80992E+15;1,88746E+15;2,34917E+16;2,53137E+15;-6,01094E+15;-5,80014E+15;-5,67962E+15;-5,37385E+15;-5,06124E+15;-4,86738E+15;-2,69491E+16;-2,5699E+16;-2,28645E+15;-2,4423E+16;-2,81409E+16;-2,65256E+16;1;FALSO;VERDADERO;FALSO;FALSO;FALSO;FALSO;VERDADERO
9420;-2,88907E+15;0;1;3;-7,03588E+15;1,79456E+16;1,78235E+15;1,38865E+16;1,88746E+15;2,34917E+16;-6,16452E+15;1,64149E+15;1,50915E+16;1,41871E+15;1,44333E+16;1,62151E+15;1,48826E+15;-3,41942E+15;-1,13763E+16;-1,5481E+14;-1,30735E+14;8,1948E+15;-8,58687E+15;0;FALSO;VERDADERO;FALSO;FALSO;FALSO;FALSO;VERDADERO
28101;3,27685E+15;0;0;3;-7,03588E+15;-8,74991E+15;-7,2357E+15;-6,96663E+15;-6,66599E+15;-6,47565E+15;-6,16452E+15;-4,42201E+15;-6,0359E+15;-6,75059E+13;-6,72497E+15;-4,9818E+16;-6,53026E+15;3,38356E+15;-2,48353E+16;-2,85442E+15;3,31799E+15;-3,14136E+15;-2,93382E+16;0;VERDADERO;FALSO;FALSO;FALSO;FALSO;FALSO;VERDADERO
8893;-2,88907E+15;1;1;3;-8,12074E+14;1,48605E+15;1,11736E+16;1,38865E+16;1,88746E+15;2,34917E+16;2,53137E+15;5,06904E+15;3,5751E+15;4,19908E+16;5,34496E+15;6,42452E+15;6,91807E+15;-1,78384E+16;-1,37634E+16;-1,39645E+16;-1,19053E+15;-1,2347E+16;-1,24626E+16;0;VERDADERO;FALSO;FALSO;FALSO;VERDADERO;FALSO;FALSO
4462;-2,88907E+15;1;0;3;1,14068E+15;1,48605E+15;1,11736E+16;1,38865E+16;1,88746E+15;2,34917E+16;2,53137E+15;8,08623E+15;9,24484E+15;1,06654E+16;-4,79693E+15;2,00276E+16;8,16454E+15;2,03115E+16;1,33627E+16;-1,83208E+16;-1,80397E+13;-1,17776E+16;-6,83744E+15;1;FALSO;VERDADERO;FALSO;FALSO;VERDADERO;FALSO;FALSO
25230;-1,13672E+16;0;2;3;-1,46299E+16;1,48605E+15;1,11736E+16;1,38865E+16;1,88746E+15;2,34917E+16;2,53137E+15;-4,77497E+15;-4,8124E+16;-4,75876E+15;-4,86508E+16;-4,67865E+16;-4,3695E+16;-2,47454E+16;-1,69925E+15;-1,82583E+16;1,38768E+15;-1,83229E+16;-6,83744E+15;0;VERDADERO;FALSO;FALSO;FALSO;FALSO;FALSO;VERDADERO
29986;5,58907E+15;1;0;3;-5,95102E+15;-1,76484E+16;-1,55888E+16;-1,53219E+16;-1,52194E+16;-1,53005E+16;-1,48604E+15;-6,95642E+15;-6,90983E+15;-6,77929E+15;-6,72497E+15;-6,63059E+15;-6,52724E+15;-3,41942E+15;-2,5699E+16;-2,96801E+14;-3,08063E+16;-3,14136E+15;-2,93382E+16;0;FALSO;VERDADERO;FALSO;FALSO;FALSO;FALSO;VERDADERO
12607;-5,20128E+15;1;0;3;-9,20561E+15;-8,74991E+15;-7,2357E+15;-6,96663E+15;-6,66599E+15;-6,47565E+15;-1,48604E+15;-6,55892E+15;-6,79308E+15;-6,6025E+15;-6,67368E+15;-6,63059E+15;-6,52724E+15;-2,9177E+15;-2,03779E+15;-2,78058E+15;-3,08063E+16;-3,14136E+15;-2,93382E+16;1;VERDADERO;FALSO;FALSO;FALSO;FALSO;FALSO;VERDADERO
25979;9,64633E+15;0;3;1;9,23707E+15;1,48605E+15;1,11736E+16;1,38865E+16;1,88746E+15;2,34917E+16;1,99232E+16;1,36233E+16;1,1907E+14;1,29338E+16;1,49498E+16;1,6975E+16;1,71691E+15;3,57676E+15;2,22581E+16;7,27178E+15;3,82163E+15;-3,14136E+15;1,92099E+15;0;VERDADERO;FALSO;FALSO;FALSO;FALSO;FALSO;VERDADERO
19133;3,27685E+15;0;2;1;-3,78129E+15;1,48605E+15;1,11736E+16;-6,96663E+15;1,88746E+15;2,34917E+16;2,53137E+15;-6,76548E+15;-6,90983E+15;-6,67662E+15;-6,56564E+15;-5,87659E+15;-6,52724E+15;-3,41942E+15;-2,26087E+16;-2,40005E+15;-5,27309E+16;-3,14136E+15;-2,47199E+15;0;VERDADERO;FALSO;FALSO;FALSO;VERDADERO;FALSO;FALSO
14741;-5,76846E+15;1;0;1;2,44252E+16;9,04712E+15;-1,55888E+16;-1,53219E+16;-1,52194E+16;-6,47565E+15;-6,16452E+15;-6,95642E+15;-6,90983E+15;-6,77929E+15;-6,72497E+15;-5,83843E+15;-6,52724E+15;-3,41942E+15;-2,5699E+16;-2,96801E+14;-6,43236E+15;-3,14136E+15;-2,93382E+16;0;FALSO;VERDADERO;FALSO;FALSO;FALSO;FALSO;VERDADERO
12147;1,86916E+16;1;1;1;1,03219E+16;-1,76484E+16;-1,55888E+16;-1,53219E+16;-1,52194E+16;-1,53005E+16;-1,48604E+15;-6,87534E+15;-6,58302E+15;-5,67327E+15;-6,45124E+14;-5,49071E+15;-6,52724E+15;-2,01327E+16;7,59028E+14;-1,96782E+16;1,343E+15;-3,14136E+15;-1,42908E+16;0;FALSO;VERDADERO;FALSO;FALSO;FALSO;FALSO;VERDADERO
2745;5,58907E+15;1;2;1;2,11706E+15;1,48605E+15;1,11736E+16;1,38865E+16;1,88746E+15;2,34917E+16;2,53137E+15;2,41776E+15;2,57844E+15;2,04882E+14;2,28842E+16;2,53147E+15;2,67729E+16;1,85559E+15;6,87849E+15;7,24338E+13;1,06915E+16;1,44103E+16;6,62957E+15;0;VERDADERO;FALSO;FALSO;FALSO;FALSO;FALSO;VERDADERO
10115;-9,05498E+15;1;1;3;-7,03588E+15;1,48605E+15;1,11736E+16;1,38865E+16;1,88746E+15;2,34917E+16;2,53137E+15;-3,80084E+16;-4,22172E+16;-4,59639E+15;-4,54316E+16;-4,20412E+15;-3,93376E+15;-2,41718E+16;-2,10767E+15;-1,2818E+16;1,1102E+16;1,31308E+16;-1,80878E+16;0;FALSO;VERDADERO;FALSO;FALSO;FALSO;FALSO;VERDADERO
2384;-8,28424E+15;1;1;1;-5,26701E+16;1,48605E+15;1,11736E+16;1,38865E+16;1,88746E+15;-6,47565E+15;-6,16452E+15;-3,938E+15;-4,29689E+14;-4,78919E+15;-5,47551E+15;-5,42327E+15;-6,55293E+15;-2,63936E+16;-1,59552E+15;-2,87657E+15;1,60471E+16;-3,14136E+15;8,50838E+15;0;FALSO;VERDADERO;FALSO;FALSO;VERDADERO;FALSO;FALSO
9154;3,27685E+15;1;1;3;-3,78129E+15;1,48605E+15;1,11736E+16;1,80992E+15;1,88746E+15;2,34917E+16;2,53137E+15;1,42174E+16;1,63051E+16;1,64985E+16;1,89016E+16;2,41821E+16;2,47186E+16;4,4294E+16;-2,5699E+16;2,50086E+16;1,28048E+16;9,7042E+15;7,19179E+15;0;VERDADERO;FALSO;FALSO;FALSO;FALSO;FALSO;VERDADERO
1407;2,50611E+15;0;0;3;-1,02905E+16;-1,76484E+16;-1,55888E+16;-1,53219E+16;-1,52194E+16;-1,53005E+16;-1,48604E+15;-6,6605E+15;-6,00499E+15;-6,21575E+15;-6,72575E+15;-6,45623E+15;-6,02416E+14;4,68767E+15;-8,7375E+15;-2,96517E+14;-2,40081E+16;-1,17776E+16;-2,31055E+16;0;VERDADERO;FALSO;FALSO;FALSO;VERDADERO;FALSO;FALSO
16561;-7,5135E+15;1;0;3;-8,12074E+14;1,48605E+15;1,11736E+16;1,38865E+16;1,88746E+15;2,34917E+16;2,53137E+15;-4,27724E+16;-4,53209E+16;-5,32633E+15;-1,58304E+16;-2,81653E+15;-3,01156E+15;1,41063E+16;-1,70186E+16;1,4071E+15;1,1102E+16;9,94931E+15;1,11292E+15;0;FALSO;VERDADERO;FALSO;FALSO;FALSO;FALSO;VERDADERO
19362;3,27685E+15;0;1;1;-2,69643E+15;-8,74991E+15;-7,2357E+15;-6,96663E+15;-6,66599E+15;-6,47565E+15;-6,16452E+15;-5,91683E+15;-6,67885E+15;-6,45368E+15;-5,44396E+15;-6,56019E+15;-5,93332E+15;-2,42684E+15;-1,58858E+15;3,28416E+15;-2,80742E+16;-8,26275E+14;-2,93382E+16;0;VERDADERO;FALSO;FALSO;FALSO;VERDADERO;FALSO;FALSO
10343;-7,5135E+15;0;1;1;1,90008E+16;1,48605E+15;1,11736E+16;-6,96663E+15;-6,66599E+15;-1,53005E+16;-1,48604E+15;-3,60949E+16;-6,90983E+15;-4,76049E+15;-6,72497E+15;-6,63059E+15;-6,52724E+15;-3,41942E+15;3,50637E+16;-2,96801E+14;-3,08063E+16;-3,14136E+15;-2,93382E+16;0;VERDADERO;FALSO;FALSO;FALSO;VERDADERO;FALSO;FALSO
27757;-9,05498E+15;0;1;1;-1,46299E+16;1,48605E+15;1,11736E+16;1,38865E+16;1,88746E+15;2,34917E+16;2,53137E+15;-4,76044E+16;-6,46422E+14;1,02648E+15;4,98051E+16;-4,20165E+16;-3,99421E+16;-2,14791E+16;-1,61505E+16;-1,83208E+16;-2,4423E+16;-2,68319E+16;-2,48381E+16;0;VERDADERO;FALSO;FALSO;FALSO;FALSO;FALSO;VERDADERO
17615;-6,74276E+15;0;2;1;-5,95102E+15;1,79456E+16;1,78235E+15;1,80992E+15;1,89944E+15;1,99988E+16;1,99232E+16;-1,43537E+16;-1,05266E+16;-6,19216E+15;-3,80759E+16;6,08854E+15;1,03878E+16;-2,21191E+16;-1,70186E+16;-2,22966E+16;-1,80397E+13;-1,89775E+15;-1,86503E+16;1;VERDADERO;FALSO;FALSO;FALSO;VERDADERO;FALSO;FALSO
19907;-5,20128E+15;0;1;1;7,06734E+14;1,79456E+16;1,78235E+15;1,38865E+16;1,88746E+15;2,34917E+16;2,53137E+15;5,47442E+15;5,54398E+15;6,22306E+15;6,44332E+15;4,7981E+15;5,26492E+15;-3,41942E+15;-6,3504E+15;-1,27945E+16;-1,41714E+16;-1,37674E+16;-1,41783E+16;1;VERDADERO;FALSO;FALSO;FALSO;VERDADERO;FALSO;FALSO
24531;-1,05965E+16;1;0;3;5,58162E+15;-8,74991E+15;-7,2357E+15;-6,96663E+15;-1,52194E+16;-1,53005E+16;-1,48604E+15;-6,71577E+15;-5,55833E+14;-6,78015E+13;-6,72591E+15;-6,63157E+15;-6,52825E+15;2,40501E+15;-2,5699E+16;-2,96801E+14;-3,08063E+16;-3,14136E+15;-1,80259E+16;0;FALSO;VERDADERO;FALSO;FALSO;VERDADERO;FALSO;FALSO
27309;-1,13672E+16;1;2;3;-2,69643E+15;9,04712E+15;1,78235E+15;1,80992E+15;1,89944E+15;1,99988E+16;1,99232E+16;-4,74998E+15;-4,70547E+15;-4,12356E+16;-3,95776E+15;-3,41607E+15;-3,43051E+16;-3,41942E+15;-1,26784E+16;-2,96801E+14;-1,80397E+13;-3,14136E+15;-2,3713E+16;0;FALSO;VERDADERO;FALSO;FALSO;FALSO;FALSO;VERDADERO
17789;-2,11833E+16;1;2;1;2,44252E+16;1,79456E+16;1,11736E+16;1,38865E+16;1,88746E+15;2,34917E+16;2,53137E+15;6,48631E+15;6,95815E+14;7,17247E+15;7,93497E+15;8,53189E+15;8,38684E+14;-6,90443E+14;-8,19064E+15;-9,97812E+15;7,71053E+15;-1,04554E+15;-1,21224E+15;0;FALSO;VERDADERO;FALSO;FALSO;FALSO;FALSO;VERDADERO
13076;-9,05498E+15;1;0;3;-7,03588E+15;-8,74991E+15;-7,2357E+15;1,38865E+16;1,88746E+15;2,34917E+16;2,53137E+15;-6,79861E+15;-1,61257E+16;-2,07592E+16;-2,246E+14;-3,92022E+16;-2,27071E+15;1,93536E+16;-2,09464E+15;-1,83208E+16;3,30267E+16;5,59797E+14;2,69137E+15;0;FALSO;VERDADERO;FALSO;FALSO;FALSO;FALSO;VERDADERO
22090;-8,28424E+15;0;0;3;-8,12074E+14;1,48605E+15;1,11736E+16;1,80992E+15;1,89944E+15;-6,47565E+15;-6,16452E+15;-4,1413E+16;-4,8745E+14;-5,02538E+15;-5,34292E+15;-6,34718E+15;2,35796E+15;-1,59849E+16;-2,13588E+16;-2,96801E+14;-1,98078E+16;2,32206E+16;-1,24626E+16;0;VERDADERO;FALSO;FALSO;FALSO;VERDADERO;FALSO;FALSO
28574;7,13055E+15;0;3;3;-5,95102E+15;-1,76484E+16;-1,55888E+16;-1,53219E+16;-1,52194E+16;-1,53005E+16;-1,48604E+15;-6,26299E+15;-6,87049E+13;-5,8913E+15;-5,25774E+15;-5,72724E+15;-6,46058E+14;-3,25036E+16;1,03659E+16;2,39302E+16;4,25078E+15;-2,88151E+15;-1,92691E+16;0;VERDADERO;FALSO;FALSO;FALSO;FALSO;FALSO;VERDADERO
20569;-1,13672E+16;1;1;3;-8,12074E+14;1,79456E+16;1,78235E+15;1,38865E+16;1,88746E+15;2,34917E+16;2,53137E+15;-4,58946E+15;-4,54249E+16;-4,30093E+15;-5,39048E+15;-5,1897E+15;-4,51223E+13;-3,41942E+15;-2,0482E+14;-2,40005E+15;-2,96892E+16;-1,02067E+16;-2,93382E+16;1;FALSO;VERDADERO;FALSO;FALSO;VERDADERO;FALSO;FALSO
17891;1,93893E+15;1;0;3;-8,12074E+14;1,48605E+15;1,11736E+16;1,38865E+16;1,88746E+15;2,34917E+16;2,53137E+15;6,56983E+15;1,12402E+16;1,64919E+16;2,37722E+16;1,86847E+16;2,05165E+16;-2,18111E+15;-1,61636E+16;-1,86957E+16;-1,9361E+16;-1,50503E+14;-1,80878E+16;0;FALSO;VERDADERO;FALSO;FALSO;FALSO;FALSO;VERDADERO
16838;1,93893E+15;1;0;3;5,58162E+15;-8,74991E+15;-7,2357E+15;-6,96663E+15;-6,66599E+15;-6,47565E+15;-6,16452E+15;-5,81117E+15;-6,81935E+15;-5,68813E+15;-6,72497E+15;-6,54851E+15;-6,43052E+15;-3,0306E+15;7,14324E+15;-2,96801E+14;-2,7621E+14;-2,76435E+16;-2,93382E+16;0;FALSO;VERDADERO;FALSO;FALSO;FALSO;FALSO;VERDADERO
6553;4,81833E+15;0;2;3;-5,95102E+15;1,48605E+15;1,11736E+16;1,38865E+16;1,88746E+15;2,34917E+16;2,53137E+15;-6,70205E+14;-6,51952E+15;-6,09664E+15;-5,69251E+15;-5,22918E+15;-4,87007E+15;-2,51378E+15;-1,70186E+16;-1,83208E+16;-1,80397E+13;-2,15956E+16;-1,80878E+16;1;FALSO;VERDADERO;FALSO;FALSO;VERDADERO;FALSO;FALSO
19638;-9,05498E+15;0;2;1;1,46614E+16;1,79456E+16;1,11736E+16;1,38865E+16;1,88746E+15;-1,53005E+16;-1,48604E+15;-3,97412E+15;1,83768E+16;6,32582E+15;-6,72497E+15;-6,63059E+15;-6,52724E+15;-1,60815E+16;-1,52825E+16;-2,96801E+14;-3,08063E+16;-3,14136E+15;-2,93382E+16;1;VERDADERO;FALSO;FALSO;FALSO;FALSO;FALSO;VERDADERO
18295;-1,34759E+16;1;1;1;2,11706E+15;1,48605E+15;-7,2357E+15;-6,96663E+15;-6,66599E+15;2,34917E+16;2,53137E+15;-6,74728E+15;-6,80024E+15;-6,77929E+15;-6,63482E+14;-6,50229E+15;-6,52724E+15;-2,94849E+16;-2,5699E+16;-2,63859E+15;-2,95296E+16;-3,14136E+15;-2,93382E+16;0;FALSO;VERDADERO;FALSO;FALSO;FALSO;FALSO;VERDADERO
2877;-8,28424E+15;0;1;3;-1,35451E+15;9,04712E+15;1,78235E+15;1,80992E+15;1,88746E+15;2,34917E+16;2,53137E+15;-8,43262E+15;-4,89103E+15;-1,14569E+16;1,23455E+16;2,33709E+16;2,87008E+16;-2,34835E+16;-2,5699E+16;4,3349E+15;-4,21346E+15;-1,60321E+16;-1,07751E+16;0;VERDADERO;FALSO;FALSO;FALSO;FALSO;FALSO;VERDADERO
2983;1,93893E+15;0;0;3;-5,95102E+15;-1,76484E+16;-1,55888E+16;-1,53219E+16;-1,52194E+16;-1,53005E+16;-1,48604E+15;-6,44946E+14;-6,63473E+15;-5,92043E+15;-6,43958E+15;-5,97939E+14;-6,31147E+15;-2,23726E+16;1,51197E+16;-1,92182E+16;-5,5348E+16;-2,30029E+16;-2,93382E+16;0;VERDADERO;FALSO;FALSO;FALSO;FALSO;FALSO;VERDADERO
17411;-1,05965E+16;0;1;3;5,58162E+15;1,48605E+15;1,11736E+16;1,38865E+16;1,88746E+15;2,34917E+16;2,53137E+15;-5,34087E+15;-5,08469E+14;-4,74996E+15;-4,37295E+15;-4,06809E+16;-3,81118E+15;-2,45341E+15;-1,87547E+15;-2,05927E+16;-2,4423E+16;-2,48683E+16;-2,3713E+16;0;VERDADERO;FALSO;FALSO;FALSO;VERDADERO;FALSO;FALSO
15163;1,02135E+16;0;1;3;-1,02905E+16;1,48605E+15;1,11736E+16;1,38865E+16;-6,66599E+15;2,34917E+16;2,53137E+15;-2,97731E+15;-4,24195E+15;-5,78532E+15;9,50704E+15;1,45562E+16;1,9771E+16;-2,68646E+16;-1,70186E+16;2,50776E+15;-2,12313E+16;-1,83229E+16;5,50397E+15;0;VERDADERO;FALSO;FALSO;FALSO;FALSO;FALSO;VERDADERO
2154;-1,34759E+16;1;0;3;-1,13753E+16;1,48605E+15;1,11736E+16;1,38865E+16;1,88746E+15;2,34917E+16;-6,16452E+15;2,34763E+16;6,45683E+15;-2,22575E+16;-2,66959E+15;-3,8962E+15;-5,66969E+15;3,28578E+15;-1,70186E+16;-1,83208E+16;1,1102E+16;7,85841E+15;2,12885E+15;0;VERDADERO;FALSO;FALSO;FALSO;FALSO;FALSO;VERDADERO
18701;-7,5135E+15;0;0;3;-1,13753E+16;1,48605E+15;1,11736E+16;1,80992E+15;1,89944E+15;1,99988E+16;2,53137E+15;-1,9293E+16;-1,2925E+16;-1,14641E+16;-2,59739E+14;-1,99092E+16;2,41505E+16;-1,06477E+16;-2,5699E+16;-9,8013E+15;-3,08063E+16;-1,83229E+16;-1,91397E+16;1;VERDADERO;FALSO;FALSO;FALSO;FALSO;FALSO;VERDADERO
7668;-1,13672E+16;1;0;3;-8,12074E+14;9,04712E+15;1,78235E+15;-6,96663E+15;1,88746E+15;2,34917E+16;2,53137E+15;-5,51267E+15;-6,69739E+15;-3,83761E+15;-3,61609E+16;-3,3409E+16;-6,52724E+15;-3,41942E+15;6,28408E+15;-2,96801E+14;-3,08063E+16;-3,14136E+15;-2,93382E+16;0;VERDADERO;FALSO;FALSO;FALSO;FALSO;FALSO;VERDADERO
15244;9,44277E+15;0;1;3;-1,61156E+16;1,48605E+15;1,11736E+16;1,38865E+16;1,88746E+15;2,34917E+16;2,53137E+15;9,85633E+15;-1,04058E+15;-9,25208E+15;-7,49544E+15;-4,69997E+16;-5,68864E+16;-2,21191E+16;-1,70186E+16;-1,83208E+16;-1,80397E+13;-1,83229E+16;-1,80878E+16;0;VERDADERO;FALSO;FALSO;FALSO;VERDADERO;FALSO;FALSO
16858;-9,05498E+15;1;0;3;5,58162E+15;1,48605E+15;1,11736E+16;1,38865E+16;1,88746E+15;2,34917E+16;2,53137E+15;-2,00087E+16;-4,56742E+15;1,26729E+16;9,60031E+15;1,36828E+16;1,72757E+15;-2,15153E+16;-1,70186E+16;-1,5481E+14;-1,54034E+16;-1,83229E+16;-1,81609E+16;0;FALSO;VERDADERO;FALSO;FALSO;VERDADERO;FALSO;FALSO
13962;1,25257E+16;0;0;1;-1,61156E+16;1,48605E+15;1,11736E+16;-6,96663E+15;-6,66599E+15;2,34917E+16;2,53137E+15;-4,02628E+15;-3,506E+16;-4,53309E+15;7,24184E+14;7,51587E+15;1,38443E+16;-3,99433E+15;4,19168E+16;4,80644E+15;1,1102E+16;2,95853E+16;5,33181E+15;0;VERDADERO;FALSO;FALSO;FALSO;VERDADERO;FALSO;FALSO
218;-6,74276E+15;1;1;3;5,58162E+15;1,79456E+16;1,11736E+16;1,38865E+16;1,88746E+15;2,34917E+16;2,53137E+15;3,80998E+15;4,11983E+15;4,5453E+15;5,71305E+15;5,90886E+15;6,61145E+15;-1,54778E+16;-1,05083E+16;-1,03693E+16;-1,16564E+16;-8,50493E+15;-1,24626E+16;0;VERDADERO;FALSO;FALSO;FALSO;FALSO;FALSO;FALSO
23288;-2,88907E+15;0;2;1;3,81275E+15;1,48605E+15;1,11736E+16;1,80992E+15;1,88746E+15;2,34917E+16;2,53137E+15;5,53526E+15;7,0461E+15;7,19338E+15;8,507E+15;9,84414E+14;1,06322E+16;1,95401E+16;-2,5699E+16;-9,23333E+15;-6,54975E+15;-6,54133E+15;-1,21224E+15;1;VERDADERO;FALSO;FALSO;FALSO;VERDADERO;FALSO;FALSO
2214;3,27685E+15;1;1;3;-1,13753E+16;1,48605E+15;1,11736E+16;-1,53219E+16;-6,66599E+15;2,34917E+16;2,53137E+15;-5,06886E+15;-6,9111E+15;-6,78058E+15;-6,22273E+15;1,3953E+16;1,44423E+16;-3,41942E+15;-2,5699E+16;-1,1278E+16;7,67163E+15;1,37198E+16;-1,13912E+15;0;FALSO;VERDADERO;FALSO;FALSO;FALSO;FALSO;VERDADERO
6581;-1,13672E+16;1;0;3;-1,13753E+16;1,48605E+15;1,11736E+16;1,38865E+16;1,88746E+15;2,34917E+16;2,53137E+15;-4,23324E+14;-6,16123E+15;-4,12197E+15;-3,66132E+15;-3,36837E+15;-3,27368E+15;-2,51378E+15;3,94038E+15;-1,83208E+16;-2,4423E+16;-2,55228E+16;-2,3713E+16;0;FALSO;VERDADERO;FALSO;FALSO;VERDADERO;FALSO;FALSO
27603;1,79209E+16;0;0;3;-7,03588E+15;-1,76484E+16;-1,55888E+16;-1,53219E+16;-1,52194E+16;-1,53005E+16;-1,48604E+15;-5,92131E+15;-1,45141E+16;-4,82019E+14;-3,6935E+16;-6,00407E+15;-5,7696E+14;2,01856E+15;3,35576E+16;8,17379E+15;-5,71992E+15;1,45412E+15;1,11218E+16;0;VERDADERO;FALSO;FALSO;FALSO;FALSO;FALSO;VERDADERO
19377;2,56283E+15;0;3;3;2,72789E+16;-1,76484E+16;-1,55888E+16;-1,53219E+16;-1,52194E+16;-1,53005E+16;-1,48604E+15;-6,65058E+15;-6,59159E+15;-3,22231E+15;-4,09898E+15;-5,10828E+15;-5,07325E+15;-2,05191E+16;8,23934E+15;2,02204E+15;1,6608E+16;2,54981E+15;-9,47003E+15;0;VERDADERO;FALSO;FALSO;FALSO;FALSO;FALSO;VERDADERO
7540;1,48379E+16;0;1;1;7,06734E+14;-8,74991E+15;-7,2357E+15;-6,96663E+15;-6,66599E+15;-1,53005E+16;-1,48604E+15;-9,29363E+15;-6,77383E+15;-6,63653E+15;-6,66435E+15;-6,56644E+15;-6,00619E+15;-2,83498E+15;-2,14022E+16;-2,74651E+15;-2,83168E+16;-1,11034E+16;-2,93382E+16;0;VERDADERO;FALSO;FALSO;FALSO;FALSO;FALSO;VERDADERO
14977;-1,05965E+16;0;2;1;2,44252E+16;1,79456E+16;1,78235E+15;1,80992E+15;1,89944E+15;1,99988E+16;1,99232E+16;-3,3467E+15;-3,02463E+16;-2,75539E+16;-2,50342E+16;-1,82123E+16;-1,52482E+15;-2,33266E+16;-2,13588E+16;-2,96801E+14;-1,47331E+16;-2,36574E+16;-2,2588E+16;1;FALSO;VERDADERO;FALSO;FALSO;VERDADERO;FALSO;FALSO
10129;-2,88907E+15;0;1;1;1,64303E+16;9,04712E+15;1,78235E+15;1,80992E+15;1,89944E+15;2,34917E+16;2,53137E+15;2,22567E+16;2,36298E+15;3,40179E+16;3,98575E+16;4,944E+15;5,50941E+15;-3,41942E+15;1,64422E+15;-2,96801E+14;-1,35714E+15;-1,43957E+16;-1,35877E+16;1;VERDADERO;FALSO;FALSO;FALSO;VERDADERO;FALSO;FALSO
5706;-6,74276E+15;1;0;3;-8,12074E+14;-1,76484E+16;-1,55888E+16;-1,53219E+16;-1,52194E+16;-1,53005E+16;-1,48604E+15;-5,78876E+15;-5,57969E+15;-6,81822E+15;-6,1503E+15;-5,07539E+15;-5,83139E+15;2,29633E+16;-2,5699E+16;-7,14889E+15;2,95478E+15;1,31308E+16;-1,30251E+16;1;VERDADERO;FALSO;FALSO;FALSO;FALSO;VERDADERO;FALSO
5954;-3,65981E+15;0;0;3;-9,20561E+15;9,04712E+15;-1,55888E+16;-1,53219E+16;-1,52194E+16;-1,53005E+16;-1,48604E+15;-6,95642E+15;-6,90983E+15;-6,77929E+15;-6,72497E+15;-6,63059E+15;-6,52724E+15;-3,41942E+15;-2,5699E+16;-2,96801E+14;-3,08063E+16;-3,14136E+15;-2,93382E+16;1;FALSO;VERDADERO;FALSO;FALSO;FALSO;FALSO;VERDADERO
539;-9,05498E+15;0;0;3;1,7916E+16;1,48605E+15;1,11736E+16;1,38865E+16;-1,52194E+16;-6,47565E+15;-6,16452E+15;-6,5141E+15;-6,3245E+15;-6,77929E+15;-6,72497E+15;-6,57828E+15;-6,52724E+15;-2,81566E+15;-2,5699E+16;-2,96801E+14;-2,87764E+15;-3,14136E+15;-2,93382E+16;0;VERDADERO;FALSO;FALSO;FALSO;VERDADERO;FALSO;FALSO
21664;-8,28424E+15;0;0;3;-1,24602E+16;1,48605E+15;1,11736E+16;1,38865E+16;1,88746E+15;2,34917E+16;2,53137E+15;-3,90025E+16;-3,6014E+14;-3,19203E+16;-3,38836E+15;-3,14056E+15;-2,9506E+15;-2,56208E+15;-1,81036E+16;-2,20807E+16;-2,59486E+16;-2,53592E+16;-2,43487E+16;0;VERDADERO;FALSO;FALSO;FALSO;FALSO;FALSO;VERDADERO
21568;-1,05965E+16;0;0;3;-1,13753E+16;1,48605E+15;1,11736E+16;1,38865E+16;1,88746E+15;2,34917E+16;2,53137E+15;-3,37441E+15;-3,04838E+16;-2,7068E+15;-4,16045E+16;-3,84702E+15;-3,56367E+14;-2,4836E+16;-2,0022E+16;-2,22966E+16;-2,6338E+16;-2,48683E+16;-1,80878E+16;0;VERDADERO;FALSO;FALSO;FALSO;FALSO;FALSO;VERDADERO
28983;5,58907E+15;0;0;3;-2,69643E+15;1,48605E+15;1,11736E+16;1,38865E+16;1,88746E+15;2,34917E+16;2,53137E+15;6,61573E+12;6,0311E+15;5,50567E+15;6,18016E+15;6,29063E+15;6,65343E+14;-1,30627E+16;-7,47017E+15;-9,23333E+15;-1,16564E+16;-1,17776E+16;-1,24626E+16;0;VERDADERO;FALSO;FALSO;FALSO;VERDADERO;FALSO;FALSO
7428;-1,34759E+16;1;0;3;-3,78129E+15;1,48605E+15;1,11736E+16;1,80992E+15;1,89944E+15;1,99988E+16;2,53137E+15;1,84515E+16;1,16856E+16;1,25336E+15;2,16799E+16;2,75883E+15;-4,31174E+16;4,41598E+15;-2,5699E+16;-1,77528E+16;-2,93892E+13;-2,48683E+16;-2,56818E+16;1;VERDADERO;FALSO;FALSO;FALSO;FALSO;FALSO;VERDADERO
20726;2,17746E+16;1;1;1;5,98248E+15;-1,76484E+16;-1,55888E+16;-1,53219E+16;-1,52194E+16;-1,53005E+16;-1,48604E+15;-6,81138E+15;-6,72985E+15;-6,6485E+15;-6,58787E+14;-6,47136E+15;-6,31852E+15;-2,64238E+16;-2,1745E+15;-2,46479E+16;-2,46017E+14;-2,32385E+16;-2,13729E+16;0;FALSO;VERDADERO;FALSO;FALSO;VERDADERO;FALSO;FALSO
4182;-1,34759E+16;0;0;3;-2,69643E+15;1,48605E+15;-7,2357E+15;-6,96663E+15;-6,66599E+15;-6,47565E+15;-6,16452E+15;3,09768E+15;-6,87653E+15;-6,57452E+15;-6,54761E+15;-6,45508E+14;-6,33783E+15;-3,27633E+15;-1,95098E+16;-2,31996E+16;-2,39953E+16;-2,35592E+16;-2,28692E+15;0;FALSO;VERDADERO;FALSO;FALSO;FALSO;FALSO;VERDADERO
18702;6,35981E+15;0;1;3;-1,13753E+16;1,48605E+15;1,11736E+16;1,38865E+16;1,88746E+15;2,34917E+16;2,8619E+16;-3,44951E+15;-3,24072E+15;-2,82158E+14;-2,31487E+15;-5,85504E+15;-5,79546E+15;-2,51378E+15;-1,88632E+16;-2,11606E+15;-2,4423E+16;-3,14136E+15;-2,93382E+16;0;VERDADERO;FALSO;FALSO;FALSO;FALSO;FALSO;VERDADERO
15415;-4,43054E+15;0;2;1;2,98495E+16;-8,74991E+15;-7,2357E+15;-6,96663E+15;-6,66599E+15;-6,47565E+15;-6,16452E+15;-6,90345E+15;-6,85504E+15;-6,72305E+15;-6,66435E+15;-6,50229E+15;-6,52724E+15;-3,18395E+16;-2,40063E+14;-2,74651E+15;-2,58273E+15;-3,14136E+15;-2,71444E+15;1;VERDADERO;FALSO;FALSO;FALSO;VERDADERO;FALSO;FALSO
12155;-7,5135E+15;0;0;1;-5,26701E+16;3,57427E+16;3,45296E+16;2,64545E+15;1,89944E+15;2,34917E+16;2,53137E+15;3,50347E+16;3,38458E+15;3,35435E+15;4,32454E+15;3,36469E+15;3,61734E+16;-3,41942E+15;-1,70142E+16;-2,96801E+14;-2,01717E+13;-2,15629E+16;-1,76434E+16;0;FALSO;VERDADERO;FALSO;FALSO;FALSO;FALSO;VERDADERO
580;-1,05965E+16;1;1;1;-5,26701E+16;-1,76484E+16;-7,2357E+15;-6,96663E+15;-6,66599E+15;-6,47565E+15;-1,48604E+15;-5,89754E+15;-6,5323E+15;-5,51581E+15;-6,20004E+15;-6,30162E+15;-6,52724E+15;-1,79713E+16;1,23428E+16;-1,04261E+16;-1,77843E+16;-3,14136E+15;-2,93382E+16;0;FALSO;VERDADERO;FALSO;FALSO;FALSO;FALSO;VERDADERO
2169;9,64633E+15;1;1;1;-5,26701E+16;9,04712E+15;1,78235E+15;1,38865E+16;1,88746E+15;2,34917E+16;2,53137E+15;-2,5995E+16;-2,51306E+15;-2,2269E+15;-1,5378E+16;-1,14175E+16;-6,52724E+15;-3,41942E+15;-1,96227E+15;-1,71849E+16;-3,08063E+16;-3,14136E+15;-2,93382E+16;0;VERDADERO;FALSO;FALSO;FALSO;FALSO;FALSO;VERDADERO
24420;7,13055E+15;1;0;1;-1,61156E+16;-1,76484E+16;-1,55888E+16;-1,53219E+16;-1,52194E+16;-1,53005E+16;-1,48604E+15;-6,96185E+15;-6,91545E+15;-6,78505E+15;-5,46323E+15;-6,6319E+15;-6,52859E+15;-3,41942E+15;-2,5699E+16;1,66489E+16;-3,08063E+16;-3,14136E+15;-1,99273E+16;0;FALSO;VERDADERO;FALSO;FALSO;VERDADERO;FALSO;FALSO
251;-9,05498E+15;0;1;3;-1,02905E+16;9,04712E+15;1,78235E+15;1,80992E+15;1,88746E+15;2,34917E+16;2,53137E+15;-4,83918E+15;3,24131E+15;2,67612E+16;-2,04377E+16;-1,77386E+16;-1,49006E+16;-2,38699E+16;-2,51087E+14;-2,28304E+16;-1,80269E+16;-1,82902E+16;-1,24458E+16;0;FALSO;VERDADERO;FALSO;FALSO;FALSO;FALSO;VERDADERO
15693;-6,74276E+15;1;1;3;-1,02905E+16;1,48605E+15;1,11736E+16;-6,96663E+15;-6,66599E+15;-6,47565E+15;-6,16452E+15;-6,90889E+15;-6,91545E+15;-6,76919E+15;-6,69699E+14;-6,66513E+15;-6,4903E+14;-3,41942E+15;-2,35289E+16;-2,68403E+15;-3,08063E+16;-2,60464E+15;-2,65256E+16;0;FALSO;VERDADERO;FALSO;FALSO;FALSO;FALSO;VERDADERO
9972;-9,05498E+15;1;2;3;2,72789E+16;1,48605E+15;1,11736E+16;1,38865E+16;1,88746E+15;2,34917E+16;2,53137E+15;-1,42505E+16;-2,41203E+16;-1,83698E+14;-7,14258E+15;1,72049E+16;-3,10928E+16;-1,60815E+16;-1,26784E+16;-1,2818E+16;-1,80397E+13;-1,17776E+16;-2,2588E+16;0;VERDADERO;FALSO;FALSO;FALSO;FALSO;FALSO;VERDADERO
16181;1,79209E+16;0;0;3;-4,86615E+15;-8,74991E+15;-7,2357E+15;-6,96663E+15;-6,66599E+15;2,34917E+16;2,53137E+15;2,89642E+15;-5,70544E+15;-6,46349E+15;-4,7227E+15;-5,39745E+14;-4,58561E+15;1,80729E+16;-1,61939E+15;4,34797E+15;-3,08063E+16;-1,37051E+16;-2,93382E+16;0;VERDADERO;FALSO;FALSO;FALSO;VERDADERO;FALSO;FALSO
11490;1,48379E+16;0;0;1;1,35765E+16;-8,74991E+15;-7,2357E+15;-6,96663E+15;-6,66599E+15;-6,47565E+15;-6,16452E+15;-5,83697E+15;-5,40055E+15;-6,30343E+15;-6,72497E+15;-6,42169E+15;-6,52724E+15;3,07216E+16;-1,13763E+16;-2,96801E+14;-2,26995E+16;-3,14136E+15;-2,43374E+16;0;VERDADERO;FALSO;FALSO;FALSO;VERDADERO;FALSO;FALSO
9145;1,48379E+16;1;1;1;-4,86615E+15;9,04712E+15;-1,55888E+16;-1,53219E+16;-1,52194E+16;-1,53005E+16;-1,48604E+15;-6,95642E+15;-6,90983E+15;-6,77929E+15;-6,72497E+15;-6,63059E+15;-6,52724E+15;-3,41942E+15;-2,5699E+16;-2,96801E+14;-3,08063E+16;-3,14136E+15;-2,93382E+16;0;VERDADERO;FALSO;FALSO;FALSO;VERDADERO;FALSO;FALSO
29433;-2,88907E+15;1;1;3;-5,95102E+15;-8,74991E+15;1,78235E+15;1,80992E+15;1,89944E+15;-6,47565E+15;-6,16452E+15;-6,85049E+15;-6,80024E+15;-6,72305E+15;-6,72497E+15;-6,50229E+15;-6,52724E+15;-3,18395E+16;-2,5699E+16;-2,96801E+14;-2,58273E+15;-3,14136E+15;-2,93382E+16;0;FALSO;VERDADERO;FALSO;FALSO;FALSO;FALSO;VERDADERO
25791;-9,05498E+15;0;1;3;2,72789E+16;-8,74991E+15;-7,2357E+15;-6,96663E+15;-6,66599E+15;-6,47565E+15;-6,16452E+15;-6,90345E+15;-6,85504E+15;-6,72305E+15;-6,66435E+15;-6,56644E+15;-6,46175E+15;-3,18395E+16;-2,40063E+14;-2,74651E+15;-2,83168E+16;-2,88609E+15;-2,71444E+15;0;VERDADERO;FALSO;FALSO;FALSO;VERDADERO;FALSO;FALSO
5772;1,02135E+16;1;1;1;4,89762E+16;-1,76484E+16;-1,55888E+16;-1,53219E+16;-1,52194E+16;-1,53005E+16;-1,48604E+15;-4,80037E+16;-6,29907E+15;-6,77929E+15;-6,38175E+15;-6,22349E+15;-5,25443E+14;-7,94892E+15;-2,5699E+16;-1,71394E+16;-1,50076E+15;1,82E+16;-2,93382E+16;0;VERDADERO;FALSO;FALSO;FALSO;FALSO;FALSO;VERDADERO
26747;4,04759E+16;1;0;3;-7,03588E+15;9,04712E+15;1,78235E+15;1,80992E+15;1,89944E+15;1,99988E+16;1,99232E+16;-2,74481E+16;-2,66452E+15;-2,00382E+16;-1,7063E+15;-9,8549E+15;-8,79511E+15;-3,41942E+15;-1,09423E+16;-2,96801E+14;-1,43629E+16;-3,14136E+15;-1,43133E+16;1;FALSO;VERDADERO;FALSO;FALSO;FALSO;FALSO;VERDADERO
2326;-9,05498E+15;1;2;3;1,7916E+16;1,48605E+15;1,11736E+16;1,38865E+16;1,88746E+15;2,34917E+16;2,53137E+15;-5,08501E+15;2,31725E+16;-3,95355E+16;-3,74138E+15;-3,47233E+16;-3,3034E+15;1,43648E+16;-2,00567E+16;-2,58464E+15;-2,63763E+14;-2,68057E+15;-2,48493E+15;0;VERDADERO;FALSO;FALSO;FALSO;FALSO;FALSO;VERDADERO
15431;-9,05498E+15;1;0;1;-1,24602E+16;1,48605E+15;1,11736E+16;1,38865E+16;1,88746E+15;2,34917E+16;2,53137E+15;-4,73871E+15;-3,02655E+16;1,57011E+15;8,31479E+15;1,50562E+16;1,91883E+16;-2,355E+16;-1,7713E+16;-1,9735E+15;-1,98461E+16;-1,98087E+15;-1,89597E+16;0;FALSO;VERDADERO;FALSO;FALSO;FALSO;FALSO;VERDADERO
431;-5,97202E+15;0;1;3;-1,13753E+16;1,48605E+15;1,11736E+16;1,38865E+16;1,88746E+15;2,34917E+16;2,53137E+15;5,52331E+15;3,16877E+16;3,78205E+15;4,8438E+16;5,88172E+15;6,5112E+15;-1,4874E+15;-1,13763E+16;-1,26411E+15;-1,165E+16;-1,17776E+16;-1,19001E+16;0;VERDADERO;FALSO;FALSO;FALSO;FALSO;FALSO;VERDADERO
10769;2,56283E+15;1;0;1;5,98248E+15;1,79456E+16;1,11736E+16;1,38865E+16;1,88746E+15;2,34917E+16;2,53137E+15;6,97408E+15;7,35754E+15;5,53382E+15;6,13518E+15;6,69272E+15;7,01191E+15;8,56512E+15;4,89523E+15;6,03596E+15;7,77097E+15;7,98571E+15;5,92023E+15;1;VERDADERO;FALSO;FALSO;FALSO;VERDADERO;FALSO;FALSO
2533;9,64633E+15;0;0;3;-7,03588E+15;-8,74991E+15;1,11736E+16;1,38865E+16;1,88746E+15;2,34917E+16;2,53137E+15;-1,99041E+16;-3,17061E+16;-2,8944E+15;-2,41839E+16;-3,01934E+16;-6,52724E+15;-2,4039E+15;-1,96227E+15;-2,08539E+16;-3,08063E+16;-3,14136E+15;-2,93382E+16;0;VERDADERO;FALSO;FALSO;FALSO;FALSO;FALSO;VERDADERO
2458;-1,05965E+16;0;1;1;9,23707E+15;-8,74991E+15;1,78235E+15;1,80992E+15;1,89944E+15;1,99988E+16;1,99232E+16;-5,82285E+14;-5,56662E+15;-5,44429E+15;-5,00016E+15;-4,79412E+15;-4,70752E+15;-2,51378E+15;-2,5699E+16;-1,83208E+16;-2,8304E+16;-3,14136E+15;-1,80878E+16;0;VERDADERO;FALSO;FALSO;FALSO;FALSO;FALSO;VERDADERO
19187;5,58907E+15;0;1;3;2,72789E+16;-1,76484E+16;-1,55888E+16;-1,53219E+16;-1,52194E+16;-1,53005E+16;-1,48604E+15;-2,2369E+16;-2,68447E+15;-3,27307E+15;-6,1461E+14;-1,96795E+16;-4,63313E+16;1,47373E+16;7,98327E+15;-8,52905E+15;1,50141E+15;4,24178E+15;1,46539E+16;0;VERDADERO;FALSO;FALSO;FALSO;VERDADERO;FALSO;FALSO
27236;-5,20128E+15;1;0;3;-4,86615E+15;9,04712E+15;1,78235E+15;1,80992E+15;1,88746E+15;2,34917E+16;1,99232E+16;-4,17172E+16;-3,74106E+16;-3,62073E+16;-3,06722E+15;-2,57835E+16;-2,2299E+16;-1,78928E+15;-2,5699E+16;-1,83208E+16;-2,12313E+16;-2,15956E+16;-2,93382E+16;0;FALSO;VERDADERO;FALSO;FALSO;VERDADERO;FALSO;FALSO
22292;-1,05965E+16;0;2;1;-3,78129E+15;1,48605E+15;1,11736E+16;1,38865E+16;1,89944E+15;2,34917E+16;2,53137E+15;-3,23602E+16;-3,26419E+15;-2,38509E+16;-2,38186E+16;-1,95973E+16;-1,65613E+16;-2,21191E+16;-2,68294E+16;-2,96801E+14;-2,31463E+16;-2,35592E+16;-2,2588E+16;0;VERDADERO;FALSO;FALSO;FALSO;FALSO;FALSO;VERDADERO
11213;-2,88907E+15;0;2;1;2,33403E+15;1,48605E+15;1,11736E+16;1,38865E+16;1,88746E+15;2,34917E+16;2,53137E+15;1,01312E+15;4,44299E+15;5,03486E+15;-2,47459E+16;2,8334E+16;-1,11711E+16;-1,0044E+16;-8,33821E+15;-1,26411E+15;-1,4848E+16;-2,15956E+16;-1,80878E+16;1;FALSO;VERDADERO;FALSO;FALSO;FALSO;FALSO;VERDADERO
506;-5,76846E+15;1;0;3;-5,26701E+16;-8,74991E+15;-7,2357E+15;-6,96663E+15;-6,66599E+15;-6,47565E+15;-6,16452E+15;-6,90264E+15;-6,85419E+14;-6,72218E+15;-6,72497E+15;-6,50031E+15;-6,32238E+15;-3,18033E+15;-2,39802E+16;-2,96801E+14;-2,57443E+15;-2,34283E+16;-2,93382E+16;0;VERDADERO;FALSO;FALSO;FALSO;FALSO;FALSO;VERDADERO
23113;-7,5135E+15;0;1;3;-5,95102E+15;1,48605E+15;1,11736E+16;1,80992E+15;1,88746E+15;2,34917E+16;2,53137E+15;-5,50262E+15;1,35529E+16;8,74838E+15;9,15574E+15;1,12303E+16;-2,11871E+16;2,68112E+16;-2,5699E+16;-1,83208E+16;-1,80397E+13;-1,83229E+16;-1,80878E+16;0;VERDADERO;FALSO;FALSO;FALSO;VERDADERO;FALSO;FALSO
18780;-2,11833E+16;0;2;3;-8,12074E+14;-8,74991E+15;-7,2357E+15;-6,96663E+15;-6,66599E+15;2,34917E+16;-6,16452E+15;-6,84777E+15;-5,79466E+14;-5,34882E+15;-5,62474E+15;-5,98318E+15;-6,26613E+15;1,37259E+16;1,82758E+16;1,05546E+16;-3,07807E+16;-2,12356E+16;-2,93382E+16;0;VERDADERO;FALSO;FALSO;FALSO;FALSO;FALSO;VERDADERO
19083;-7,5135E+15;0;2;1;-3,78129E+15;1,48605E+15;1,11736E+16;1,38865E+16;1,88746E+15;1,99988E+16;2,53137E+15;-5,03069E+15;-5,38453E+15;-5,21876E+15;-4,60674E+14;-4,8456E+14;-4,39872E+16;-1,60815E+16;-1,70186E+16;-1,26411E+15;-3,08063E+16;-1,83229E+16;-1,24626E+16;1;VERDADERO;FALSO;FALSO;FALSO;FALSO;FALSO;VERDADERO
17895;2,50611E+15;1;1;3;-9,20561E+15;1,79456E+16;1,11736E+16;1,38865E+16;1,88746E+15;2,34917E+16;2,53137E+15;1,8793E+16;2,00146E+16;1,92638E+16;2,14529E+16;2,30399E+16;2,45996E+16;5,41654E+15;1,77854E+15;1,59219E+16;1,39406E+16;3,41838E+15;1,03138E+16;1;FALSO;VERDADERO;FALSO;FALSO;FALSO;FALSO;VERDADERO
19007;-3,65981E+15;0;1;3;-5,95102E+15;-1,76484E+16;-1,55888E+16;-1,53219E+16;-1,52194E+16;-1,53005E+16;-1,48604E+15;-6,59246E+15;-4,8346E+15;-5,65208E+15;-6,66031E+15;-6,58617E+15;-6,52724E+15;5,49805E+15;8,29339E+15;-2,73174E+15;-2,90828E+16;-3,14136E+15;-2,93382E+16;0;VERDADERO;FALSO;FALSO;FALSO;FALSO;FALSO;VERDADERO
19691;1,71502E+15;0;1;1;1,64303E+16;1,48605E+15;1,11736E+16;1,38865E+16;1,88746E+15;2,34917E+16;2,53137E+15;1,68589E+15;1,61738E+16;1,40909E+16;1,58362E+16;1,48719E+15;1,55739E+16;-6,79711E+15;-2,44423E+15;1,55804E+16;1,1102E+16;9,94931E+15;2,69137E+15;0;VERDADERO;FALSO;FALSO;FALSO;FALSO;FALSO;VERDADERO
27094;1,73537E+16;1;0;1;1,35765E+16;1,48605E+15;1,11736E+16;1,38865E+16;1,88746E+15;-1,53005E+16;-1,48604E+15;1,87323E+16;1,42529E+16;1,54131E+16;-6,72497E+15;-6,63059E+15;-6,52724E+15;5,41822E+16;4,24833E+16;-2,96801E+14;-3,08063E+16;-3,14136E+15;-2,93382E+16;0;FALSO;VERDADERO;FALSO;FALSO;FALSO;FALSO;VERDADERO
23180;1,73537E+16;0;1;1;-1,61156E+16;9,04712E+15;-1,55888E+16;-1,53219E+16;-1,52194E+16;-1,53005E+16;-1,48604E+15;-6,95886E+15;-6,91236E+15;-6,78188E+15;-6,72777E+15;-6,63355E+15;-6,53026E+15;-3,41942E+15;-2,5699E+16;-2,96801E+14;-3,08063E+16;-3,14136E+15;-2,93382E+16;0;VERDADERO;FALSO;FALSO;FALSO;FALSO;FALSO;VERDADERO
12627;-6,74276E+15;1;2;1;2,11706E+15;1,48605E+15;1,11736E+16;1,38865E+16;1,88746E+15;2,34917E+16;2,53137E+15;4,25665E+15;4,92351E+15;4,76261E+16;-3,77153E+16;-4,13405E+16;-4,056E+16;-1,5351E+16;1,09452E+16;-2,06949E+15;-2,73082E+15;-2,7938E+16;-2,66437E+16;0;VERDADERO;FALSO;FALSO;FALSO;FALSO;FALSO;VERDADERO
3835;-9,05498E+15;0;2;1;-1,13753E+16;1,79456E+16;1,78235E+15;1,38865E+16;1,88746E+15;2,34917E+16;2,53137E+15;-2,73327E+15;-2,64949E+15;-2,28862E+16;-2,15631E+16;-1,67978E+16;-1,81867E+16;-3,41942E+15;-1,77434E+15;-2,40005E+15;-2,4423E+16;3,40398E+16;2,69137E+15;1;VERDADERO;FALSO;FALSO;FALSO;FALSO;FALSO;VERDADERO
1331;-1,34759E+16;1;0;3;-8,12074E+14;-1,76484E+16;-1,55888E+16;-1,53219E+16;-1,52194E+16;-1,53005E+16;-1,48604E+15;-6,95642E+15;-6,90983E+15;-6,77929E+15;-6,72497E+15;-6,63059E+15;-6,52724E+15;-3,41942E+15;-2,5699E+16;-2,96801E+14;-3,08063E+16;-3,14136E+15;-2,93382E+16;0;VERDADERO;FALSO;FALSO;FALSO;FALSO;FALSO;VERDADERO
21467;-3,65981E+15;0;1;3;-8,12074E+14;9,04712E+15;-1,55888E+16;-1,53219E+16;-1,52194E+16;-1,53005E+16;-1,48604E+15;-6,95642E+15;-6,90983E+15;-6,77929E+15;-6,72497E+15;-6,63059E+15;-6,52724E+15;-3,41942E+15;-2,5699E+16;-2,96801E+14;-3,08063E+16;-3,14136E+15;-2,93382E+16;1;VERDADERO;FALSO;FALSO;FALSO;FALSO;FALSO;VERDADERO
23829;5,58907E+15;0;0;1;1,68311E+15;-1,76484E+16;-1,55888E+16;-1,53219E+16;-6,66599E+15;-6,47565E+15;-6,16452E+15;-6,37218E+15;-6,83368E+15;-6,212E+15;-5,69438E+14;-5,5093E+15;-5,24133E+15;-3,08977E+15;-8,5422E+15;8,06694E+15;1,3015E+16;1,88088E+16;-5,6674E+16;0;VERDADERO;FALSO;FALSO;FALSO;VERDADERO;FALSO;FALSO
2542;-5,20128E+15;0;0;1;-5,26701E+16;1,79456E+16;1,11736E+16;1,38865E+16;1,89944E+15;1,99988E+16;1,99232E+16;-5,39193E+15;4,35455E+15;8,68205E+15;1,60186E+15;2,34416E+16;2,87831E+15;-1,60815E+16;-3,99802E+13;-1,83208E+16;-1,80397E+13;-1,50503E+14;-1,64003E+15;1;FALSO;VERDADERO;FALSO;FALSO;FALSO;FALSO;VERDADERO
28613;1,48379E+16;0;2;3;3,81275E+15;9,04712E+15;-1,55888E+16;-1,53219E+16;-1,52194E+16;-1,53005E+16;-1,48604E+15;-6,95642E+15;-6,90983E+15;-6,74021E+15;-6,72513E+15;-6,53847E+14;-6,52724E+15;-3,41942E+15;-2,45228E+16;-2,96801E+14;-2,72252E+16;-3,14136E+15;-2,93382E+16;0;VERDADERO;FALSO;FALSO;FALSO;VERDADERO;FALSO;FALSO
21996;-5,20128E+15;0;1;3;-9,20561E+15;1,48605E+15;1,11736E+16;1,38865E+16;1,88746E+15;2,34917E+16;2,53137E+15;-1,15575E+16;1,53279E+16;-3,52383E+15;-3,88858E+15;-3,00716E+15;-3,24614E+15;2,61814E+16;1,77029E+16;-2,11606E+15;-5,27309E+16;1,31308E+16;-1,21224E+15;0;VERDADERO;FALSO;FALSO;FALSO;FALSO;FALSO;VERDADERO
11900;-9,05498E+15;0;2;3;-1,13753E+16;1,48605E+15;1,11736E+16;1,38865E+16;1,88746E+15;2,34917E+16;2,53137E+15;-6,01203E+15;-6,06232E+15;-5,83781E+15;-5,55401E+15;-5,33823E+15;-5,78438E+15;-2,1147E+16;-2,13588E+16;-2,39777E+14;-1,16308E+16;-2,48355E+16;-1,80541E+12;0;FALSO;VERDADERO;FALSO;FALSO;FALSO;FALSO;VERDADERO
25873;9,64633E+15;0;1;3;-2,69643E+15;-8,74991E+15;-7,2357E+15;-6,96663E+15;-6,66599E+15;-6,47565E+15;-6,16452E+15;-6,39147E+15;-5,81152E+15;-6,43926E+14;-3,83806E+16;-4,72915E+15;-5,80553E+15;1,30014E+16;-1,54648E+16;7,5831E+14;4,29846E+14;-3,28175E+15;4,00204E+16;0;VERDADERO;FALSO;FALSO;FALSO;FALSO;VERDADERO;FALSO
26226;8,67203E+14;0;1;3;3,81275E+15;1,48605E+15;1,11736E+16;1,38865E+16;1,88746E+15;2,34917E+16;2,53137E+15;9,88308E+15;1,08318E+16;1,15273E+13;9,83776E+15;9,75072E+15;1,03664E+16;-3,83871E+16;-2,26195E+15;-1,24772E+15;-1,00606E+16;-9,15946E+15;-9,65003E+15;0;VERDADERO;FALSO;FALSO;FALSO;VERDADERO;FALSO;FALSO
15806;-1,05965E+16;0;2;1;-1,35451E+15;1,48605E+15;1,11736E+16;1,80992E+15;1,88746E+15;2,34917E+16;2,53137E+15;-3,2147E+16;-2,59834E+16;-2,46555E+16;-2,06258E+13;-2,13852E+16;-1,86283E+15;-1,24288E+16;-2,56903E+16;-1,98486E+16;-2,38293E+16;-2,46981E+16;-1,82903E+16;0;VERDADERO;FALSO;FALSO;FALSO;FALSO;FALSO;VERDADERO
9556;5,58907E+15;1;3;3;-7,03588E+15;1,48605E+15;1,11736E+16;1,38865E+16;1,88746E+15;2,34917E+16;2,53137E+15;2,28419E+16;1,44346E+15;1,61946E+16;1,63904E+16;1,55029E+15;2,63221E+16;8,0687E+15;1,80588E+16;1,62968E+16;1,39725E+16;4,07163E+15;1,01844E+16;0;FALSO;VERDADERO;FALSO;FALSO;FALSO;FALSO;VERDADERO
7568;3,27685E+15;0;1;1;1,35765E+16;-8,74991E+15;-7,2357E+15;-6,96663E+15;-6,66599E+15;-6,47565E+15;2,53137E+15;-5,34359E+15;-5,24121E+15;-5,06677E+15;-4,87892E+15;-3,51295E+16;-4,53306E+15;3,75078E+15;2,58451E+16;3,77716E+16;9,01827E+15;1,31308E+16;3,74666E+15;0;FALSO;VERDADERO;FALSO;FALSO;FALSO;FALSO;VERDADERO
3508;-9,05498E+15;0;1;1;5,58162E+15;1,48605E+15;1,11736E+16;1,38865E+16;1,88746E+15;2,34917E+16;2,53137E+15;-9,11708E+15;-9,29441E+15;-1,27359E+16;-1,93652E+16;-1,98358E+15;-1,69408E+16;-1,60815E+16;-1,26784E+16;-1,26411E+15;-1,80397E+13;-1,83229E+16;-1,21224E+15;0;VERDADERO;FALSO;FALSO;FALSO;FALSO;FALSO;VERDADERO
8835;1,94624E+16;0;0;1;1,03219E+16;9,04712E+15;-7,2357E+15;-6,96663E+15;-6,66599E+15;-6,47565E+15;-6,16452E+15;-6,96104E+15;-5,4597E+15;-5,8789E+14;-6,2633E+15;-6,03713E+15;-6,0203E+15;-1,79773E+16;2,51226E+16;-1,26184E+15;-6,5689E+15;-1,11034E+16;-5,13863E+16;0;VERDADERO;FALSO;FALSO;FALSO;VERDADERO;FALSO;FALSO
18785;4,81833E+15;0;1;3;-1,02905E+16;-8,74991E+15;-7,2357E+15;1,38865E+16;1,88746E+15;2,34917E+16;-6,16452E+15;-4,4288E+16;5,80897E+15;5,73913E+15;-1,17639E+15;-5,71688E+15;-3,98078E+15;5,12343E+15;1,77029E+16;-3,16252E+15;1,1102E+16;6,78464E+15;2,11816E+16;0;VERDADERO;FALSO;FALSO;FALSO;FALSO;FALSO;VERDADERO
29858;-9,05498E+15;1;1;1;1,24917E+15;1,48605E+15;1,11736E+16;1,38865E+16;1,88746E+15;2,34917E+16;2,53137E+15;-5,41842E+15;-5,17672E+14;-4,84254E+15;-4,48051E+16;-4,22879E+15;-4,02225E+15;-2,51137E+16;-1,87547E+15;-2,09505E+16;-2,6338E+16;-2,68319E+16;-2,59631E+16;0;FALSO;VERDADERO;FALSO;FALSO;VERDADERO;FALSO;FALSO
23588;-5,76846E+15;0;0;3;3,81275E+15;-1,76484E+16;-1,55888E+16;-1,53219E+16;-1,52194E+16;-1,53005E+16;-1,48604E+15;-6,95642E+15;-6,86768E+15;-6,77929E+15;-6,72497E+15;-6,49554E+15;-6,52724E+15;-3,23829E+16;-2,5699E+16;-2,96801E+14;-2,55656E+15;-3,14136E+15;-2,93382E+16;0;VERDADERO;FALSO;FALSO;FALSO;VERDADERO;FALSO;FALSO
28268;4,81833E+15;0;1;1;8,15221E+15;1,48605E+15;1,11736E+16;1,38865E+16;1,88746E+15;2,34917E+16;2,53137E+15;-5,99559E+15;-5,81306E+15;-5,56916E+15;-5,3311E+15;-5,1948E+15;-4,71105E+15;-2,64721E+15;-2,00784E+15;-2,22966E+16;-2,78189E+16;-1,29819E+16;3,81105E+15;0;VERDADERO;FALSO;FALSO;FALSO;VERDADERO;FALSO;FALSO
5845;9,64633E+15;0;0;3;-9,20561E+15;1,48605E+15;1,11736E+16;1,80992E+15;1,88746E+15;2,34917E+16;2,53137E+15;6,50695E+15;9,89931E+15;9,92467E+15;9,69661E+15;1,30019E+15;1,29675E+16;1,01651E+16;-2,51738E+15;2,71165E+14;9,68596E+15;1,3222E+16;-2,93382E+16;0;VERDADERO;FALSO;FALSO;FALSO;VERDADERO;FALSO;FALSO
26477;1,63794E+16;0;2;3;1,68311E+15;-8,74991E+15;-7,2357E+15;1,38865E+16;-6,66599E+15;2,34917E+16;-6,16452E+15;-1,01967E+16;1,62126E+16;-3,63371E+15;7,30751E+15;-1,13599E+16;-6,02668E+15;3,32394E+15;-1,61505E+16;2,42944E+16;-3,08063E+16;-1,1902E+16;1,70356E+16;0;VERDADERO;FALSO;FALSO;FALSO;VERDADERO;FALSO;FALSO
24199;-2,11833E+16;1;0;3;-5,95102E+15;-8,74991E+15;-7,2357E+15;-6,96663E+15;1,89944E+15;1,99988E+16;-6,16452E+15;-6,71197E+15;-6,64499E+15;-6,1797E+15;-6,41082E+15;-6,69177E+15;-6,42179E+15;-2,28134E+16;-7,65246E+15;-2,96801E+14;-3,08063E+16;-1,83229E+16;-2,93382E+16;0;FALSO;VERDADERO;FALSO;FALSO;VERDADERO;FALSO;FALSO
28882;-8,28424E+15;0;2;1;3,81275E+15;9,04712E+15;1,78235E+15;1,38865E+16;1,88746E+15;1,99988E+16;2,53137E+15;-2,74495E+16;-2,75585E+15;-2,29136E+16;-1,41904E+16;-2,75666E+15;-2,49387E+16;-3,41942E+15;-1,26784E+16;-9,0175E+15;-3,08063E+16;-2,48683E+16;-1,24626E+16;0;VERDADERO;FALSO;FALSO;FALSO;VERDADERO;FALSO;FALSO
4846;1,93893E+15;1;1;3;-1,61156E+16;-8,74991E+15;-7,2357E+15;-6,96663E+15;-6,66599E+15;-6,47565E+15;-6,16452E+15;-6,57535E+15;-6,86403E+14;-6,68181E+15;-6,6743E+15;-6,57696E+15;-6,4725E+15;-3,02577E+15;-2,2765E+16;-2,78286E+15;-2,87253E+16;-2,92798E+15;-1,96516E+15;1;VERDADERO;FALSO;FALSO;FALSO;FALSO;FALSO;VERDADERO
4986;-1,34759E+16;0;0;3;-1,02905E+16;1,79456E+16;1,78235E+15;1,80992E+15;1,89944E+15;1,99988E+16;1,99232E+16;3,27966E+14;3,88997E+16;4,49916E+16;5,14521E+15;6,51054E+15;1,54152E+16;-1,42702E+16;-1,18104E+16;-2,96801E+14;1,98471E+16;-3,14136E+15;-1,69628E+16;1;VERDADERO;FALSO;FALSO;FALSO;FALSO;FALSO;VERDADERO
23400;5,58907E+15;0;2;3;-5,26701E+16;-1,76484E+16;-1,55888E+16;-1,53219E+16;-1,52194E+16;-1,53005E+16;-1,48604E+15;-6,95642E+15;-6,90983E+15;-6,77929E+15;-6,72497E+15;-6,63059E+15;-6,52724E+15;-3,41942E+15;-2,5699E+16;-2,96801E+14;-3,08063E+16;-3,14136E+15;-2,93382E+16;1;VERDADERO;FALSO;FALSO;FALSO;VERDADERO;FALSO;FALSO
25570;-2,88907E+15;0;2;1;8,15221E+15;1,79456E+16;2,61765E+15;1,80992E+15;1,89944E+15;1,99988E+16;1,99232E+16;-4,2824E+15;-4,22832E+16;-4,11289E+15;-3,52609E+15;-3,34913E+16;-2,89603E+15;-3,41942E+15;-2,5699E+16;-1,60489E+16;-3,08063E+16;-1,83229E+16;-2,93382E+16;1;VERDADERO;FALSO;FALSO;FALSO;FALSO;FALSO;VERDADERO
20263;-9,05498E+15;0;1;3;1,68311E+15;1,48605E+15;1,11736E+16;1,38865E+16;1,88746E+15;2,34917E+16;2,53137E+15;-3,66965E+15;-3,58496E+15;-3,63862E+16;-3,19297E+15;-3,02723E+16;-6,03743E+13;-2,61038E+16;-1,9614E+16;-2,20467E+16;-2,44102E+15;-3,1034E+16;-2,91751E+16;0;VERDADERO;FALSO;FALSO;FALSO;VERDADERO;FALSO;FALSO
20857;2,50611E+15;1;1;1;2,72789E+16;1,48605E+15;1,11736E+16;1,38865E+16;-1,52194E+16;-1,53005E+16;-1,48604E+15;-5,95146E+14;-6,50631E+15;-6,74872E+15;-6,35393E+15;-6,63059E+15;-6,96719E+15;-2,81264E+15;-2,47441E+15;-1,61228E+14;-3,08063E+16;-3,14136E+15;-1,03251E+14;0;FALSO;VERDADERO;FALSO;FALSO;VERDADERO;FALSO;FALSO
26823;-3,65981E+15;1;1;1;-7,03588E+15;-8,74991E+15;-7,2357E+15;1,80992E+15;-6,66599E+15;2,34917E+16;2,53137E+15;-6,87779E+15;-6,52795E+15;-6,59471E+15;-6,13693E+15;-6,21576E+15;-6,3155E+15;-1,25797E+16;-2,5699E+16;-7,97244E+14;-3,08063E+16;-3,14136E+15;-2,22448E+15;0;FALSO;VERDADERO;FALSO;FALSO;FALSO;FALSO;VERDADERO
9318;-1,34759E+16;1;2;1;1,14068E+15;1,48605E+15;1,11736E+16;1,38865E+16;1,88746E+15;2,34917E+16;2,53137E+15;6,1347E+15;6,91094E+15;7,56225E+15;5,70372E+15;6,22451E+14;6,34093E+15;-9,60321E+15;-1,0925E+16;-1,42201E+16;3,18922E+16;-1,3283E+16;-1,35989E+16;0;VERDADERO;FALSO;FALSO;FALSO;VERDADERO;FALSO;FALSO
25507;3,27685E+15;0;1;3;-9,20561E+15;1,48605E+15;1,11736E+16;1,38865E+16;1,88746E+15;2,34917E+16;2,53137E+15;4,36719E+16;5,0466E+15;5,75571E+15;7,18277E+15;8,38385E+15;9,14096E+15;-1,54778E+16;-1,18104E+16;-6,96146E+15;-9,74139E+15;-8,50493E+15;-9,65003E+15;0;VERDADERO;FALSO;FALSO;FALSO;VERDADERO;FALSO;FALSO
14848;2,56283E+15;0;1;1;1,35765E+16;1,48605E+15;1,11736E+16;1,38865E+16;1,88746E+15;2,34917E+16;2,53137E+15;-1,56032E+16;1,41053E+15;1,30552E+16;1,36216E+16;1,11386E+16;1,78104E+16;6,73667E+15;-6,16811E+15;-4,12163E+15;1,1102E+16;2,95853E+16;-3,58607E+15;0;FALSO;VERDADERO;FALSO;FALSO;FALSO;FALSO;VERDADERO
7843;-3,65981E+15;0;0;3;-1,13753E+16;9,04712E+15;-1,55888E+16;-1,53219E+16;-1,52194E+16;-1,53005E+16;-1,48604E+15;-6,95642E+15;-6,90983E+15;-6,77929E+15;-6,72497E+15;-6,63059E+15;-6,52724E+15;-3,41942E+15;-2,5699E+16;-2,96801E+14;-3,08063E+16;-3,14136E+15;-2,93382E+16;1;FALSO;VERDADERO;FALSO;FALSO;VERDADERO;FALSO;FALSO
28648;2,50611E+15;0;2;1;9,23707E+15;-1,76484E+16;-1,55888E+16;-1,53219E+16;-1,52194E+16;-1,53005E+16;-1,48604E+15;-6,90345E+15;-6,85504E+15;-6,72305E+15;-6,66435E+15;-6,56644E+15;-6,46175E+15;-3,18395E+16;-2,40063E+14;-2,74651E+15;-2,83168E+16;-2,88609E+15;-2,63006E+15;0;VERDADERO;FALSO;FALSO;FALSO;VERDADERO;FALSO;FALSO
29985;-1,05965E+16;1;1;3;2,72789E+16;-8,74991E+15;-7,2357E+15;-1,53219E+16;-6,66599E+15;-6,47565E+15;-6,16452E+15;-6,91364E+15;-6,78015E+15;-6,35548E+15;-6,41517E+15;-6,31691E+15;-5,96992E+14;-2,86215E+15;-1,27782E+16;-1,83265E+16;-1,12925E+16;-9,68964E+15;-2,3713E+16;0;FALSO;VERDADERO;FALSO;FALSO;FALSO;FALSO;VERDADERO
13049;-9,82572E+14;1;2;3;-1,24602E+16;1,79456E+16;1,11736E+16;1,38865E+16;1,88746E+15;2,34917E+16;2,53137E+15;-1,63976E+15;-1,40364E+15;-9,32995E+15;-6,74775E+15;-6,75044E+15;3,14717E+15;-2,41839E+16;-1,69665E+16;-2,1774E+16;-2,05611E+15;-2,0496E+16;-2,25823E+16;1;VERDADERO;FALSO;FALSO;FALSO;VERDADERO;FALSO;FALSO
25100;1,48379E+16;1;1;1;1,57462E+16;9,04712E+15;-1,55888E+16;-1,53219E+16;-1,52194E+16;-1,53005E+16;-1,48604E+15;-6,30903E+15;-6,94257E+15;-6,81289E+14;-6,76119E+15;-6,66891E+15;-6,56637E+15;-3,41942E+15;-2,5699E+16;-2,96801E+14;-3,08063E+16;-3,14136E+15;-2,93382E+16;0;FALSO;VERDADERO;FALSO;FALSO;VERDADERO;FALSO;FALSO
14857;3,27685E+15;0;1;1;-5,26701E+16;-8,74991E+15;-7,2357E+15;-6,96663E+15;-6,66599E+15;-6,47565E+15;-6,16452E+15;-6,77471E+15;-6,69795E+15;-6,57611E+15;-6,48419E+15;-6,22694E+15;-6,36839E+15;-2,50895E+16;-1,95836E+16;-2,08823E+16;-1,51417E+16;-2,52217E+15;-2,07598E+16;0;VERDADERO;FALSO;FALSO;FALSO;FALSO;FALSO;VERDADERO
25014;2,40868E+16;1;0;1;1,46614E+16;-1,76484E+16;-1,55888E+16;-1,53219E+16;-1,52194E+16;-1,53005E+16;-1,48604E+15;1,69454E+14;-6,94075E+15;-1,16573E+16;4,5998E+15;-1,17859E+15;-2,57713E+16;-3,41942E+15;1,44215E+16;1,92561E+16;1,81834E+16;2,14109E+15;1,47197E+16;0;FALSO;VERDADERO;FALSO;FALSO;FALSO;FALSO;VERDADERO
10740;7,90129E+15;1;1;1;1,35765E+16;1,79456E+16;1,78235E+15;1,80992E+15;1,88746E+15;2,34917E+16;2,53137E+15;3,26024E+15;2,60731E+16;2,31712E+16;4,71074E+14;6,14029E+15;5,80662E+15;5,64778E+15;-2,5699E+16;8,39132E+15;1,1102E+16;3,40398E+16;-2,93382E+16;1;FALSO;VERDADERO;FALSO;FALSO;VERDADERO;FALSO;FALSO
16095;-5,76846E+15;0;1;3;7,06734E+14;9,04712E+15;1,78235E+15;1,80992E+15;1,88746E+15;2,34917E+16;2,53137E+15;1,3781E+16;1,45352E+16;7,029E+14;8,39213E+14;9,4905E+15;1,02089E+16;-7,2546E+15;-2,5699E+16;-4,77479E+15;-7,57746E+15;-6,79005E+15;-7,96247E+15;1;VERDADERO;FALSO;FALSO;FALSO;VERDADERO;FALSO;FALSO
2209;-6,74276E+15;1;0;1;1,03219E+16;9,04712E+15;-1,55888E+16;-6,96663E+15;-6,66599E+15;-6,47565E+15;-6,16452E+15;-6,96321E+15;-6,97166E+15;-6,75477E+15;-6,75917E+15;-6,56644E+15;-6,52724E+15;-3,41942E+15;-2,13588E+16;-2,96801E+14;-2,4423E+16;-3,14136E+15;-2,49506E+16;0;VERDADERO;FALSO;FALSO;FALSO;VERDADERO;FALSO;FALSO
18841;1,73537E+16;0;1;3;-9,20561E+15;1,79456E+16;1,78235E+15;1,80992E+15;1,89944E+15;2,34917E+16;2,53137E+15;-6,4265E+15;-6,25143E+15;-5,9921E+15;-5,75904E+15;-5,46209E+15;-5,02052E+15;-2,81566E+15;-2,13588E+16;-2,40005E+15;-2,4423E+16;-1,83229E+16;-1,80878E+16;1;VERDADERO;FALSO;FALSO;FALSO;VERDADERO;FALSO;FALSO
28273;-1,13672E+16;0;2;3;-4,86615E+15;-1,76484E+16;-1,55888E+16;-6,96663E+15;1,88746E+15;2,34917E+16;-6,16452E+15;-7,07661E+15;-7,03418E+14;-4,13264E+15;-3,76159E+15;-3,43597E+15;-5,79009E+15;-3,40734E+15;6,73156E+15;-1,66169E+16;-2,72444E+16;-2,59449E+15;-2,93382E+16;0;VERDADERO;FALSO;FALSO;FALSO;FALSO;FALSO;VERDADERO
22373;9,64633E+15;0;0;3;-9,20561E+15;1,48605E+15;1,11736E+16;1,38865E+16;1,88746E+15;2,34917E+16;2,53137E+15;6,82636E+15;4,15313E+16;4,56044E+15;1,60426E+16;6,25303E+15;-1,79128E+15;2,62176E+15;9,02254E+15;-2,05359E+16;3,30267E+16;-2,26887E+16;2,02647E+15;0;VERDADERO;FALSO;FALSO;FALSO;VERDADERO;FALSO;FALSO
2267;1,48379E+16;1;1;1;3,81275E+15;1,48605E+15;1,11736E+16;1,38865E+16;1,88746E+15;2,34917E+16;2,53137E+15;-3,73918E+15;2,58259E+16;-2,93651E+15;-4,26429E+16;-3,33679E+16;-2,93314E+15;3,29774E+15;4,40869E+16;-1,14548E+16;2,68476E+16;2,11782E+16;3,85747E+16;0;VERDADERO;FALSO;FALSO;FALSO;VERDADERO;FALSO;FALSO
5227;-9,05498E+15;0;1;3;1,57462E+16;1,48605E+15;1,11736E+16;-1,53219E+16;-1,52194E+16;-1,53005E+16;-1,48604E+15;-4,13166E+16;-6,90983E+15;-6,77929E+15;-6,72497E+15;-6,63059E+15;-6,52724E+15;-3,41942E+15;-2,5699E+16;-2,96801E+14;-3,08063E+16;-3,14136E+15;-2,93382E+16;0;VERDADERO;FALSO;FALSO;FALSO;VERDADERO;FALSO;FALSO
28302;-8,28424E+15;0;2;1;-1,61156E+16;1,79456E+16;1,78235E+15;1,80992E+15;3,61013E+15;2,88236E+15;2,8619E+16;-6,04231E+15;-5,81714E+15;-5,4091E+15;-5,29224E+15;-5,03147E+15;-4,96712E+14;-2,63453E+16;-1,70186E+16;-2,96801E+14;-2,56996E+16;-3,14136E+15;-2,93382E+16;0;VERDADERO;FALSO;FALSO;FALSO;VERDADERO;FALSO;FALSO
21579;-7,5135E+15;0;0;3;-1,13753E+16;-8,74991E+15;-7,2357E+15;-6,96663E+15;-6,66599E+15;-1,53005E+16;-6,16452E+15;-6,7815E+15;-6,90983E+15;-6,49103E+15;-6,72497E+15;-6,63059E+15;-6,38586E+15;-3,41942E+15;-1,70229E+16;-2,96801E+14;-3,08063E+16;-2,59024E+15;-2,93382E+16;0;VERDADERO;FALSO;FALSO;FALSO;VERDADERO;FALSO;FALSO
20123;5,58907E+15;0;1;1;-3,78129E+15;1,48605E+15;1,11736E+16;1,38865E+16;1,88746E+15;2,34917E+16;2,53137E+15;2,01761E+15;2,16343E+16;2,22434E+14;2,16411E+15;2,33841E+15;2,29244E+15;2,01438E+16;1,47472E+15;5,5338E+15;6,81686E+14;1,96761E+15;6,10051E+16;0;VERDADERO;FALSO;FALSO;FALSO;FALSO;FALSO;VERDADERO
17893;-8,28424E+15;1;0;3;-7,03588E+15;-8,74991E+15;-7,2357E+15;1,80992E+15;1,88746E+15;-6,47565E+15;-6,16452E+15;-6,8456E+14;-6,56701E+15;-6,57106E+15;-6,47098E+15;-6,411E+15;-6,22079E+15;-1,94625E+16;-2,5699E+16;-2,40005E+15;-2,22846E+16;-2,56014E+15;-2,84944E+16;0;FALSO;VERDADERO;FALSO;FALSO;FALSO;FALSO;VERDADERO
20928;-9,05498E+15;1;0;1;-2,69643E+15;1,48605E+15;1,11736E+16;1,80992E+15;1,88746E+15;2,34917E+16;2,53137E+15;-1,45561E+16;-3,41996E+16;-1,85463E+16;3,50068E+15;8,48508E+15;-5,81863E+14;7,64607E+15;-2,5699E+16;-2,28645E+15;-2,98168E+15;-1,17776E+16;-2,93382E+16;0;FALSO;VERDADERO;FALSO;FALSO;FALSO;FALSO;VERDADERO
13023;9,64633E+15;1;1;1;5,98248E+15;-8,74991E+15;-7,2357E+15;-6,96663E+15;-6,66599E+15;-6,47565E+15;-6,16452E+15;-6,83976E+14;-6,65538E+14;-6,58678E+15;-6,66808E+15;-6,3327E+15;-6,22029E+14;-2,32602E+16;-1,99048E+16;-2,76014E+15;-1,92461E+16;-1,94487E+16;-2,72794E+15;1;FALSO;VERDADERO;FALSO;FALSO;VERDADERO;FALSO;FALSO
20737;-1,13672E+16;1;0;3;-1,46299E+16;9,04712E+15;1,78235E+15;1,38865E+16;1,88746E+15;2,34917E+16;2,53137E+15;-5,5181E+15;-5,46588E+15;-5,14925E+12;-4,8113E+16;-4,58934E+15;-4,2842E+16;-3,41942E+15;-1,91887E+16;-2,11606E+15;-2,69763E+15;-2,29047E+13;-2,93382E+16;0;FALSO;VERDADERO;FALSO;FALSO;FALSO;FALSO;VERDADERO
27367;1,71502E+15;1;0;3;-8,12074E+14;1,48605E+15;1,11736E+16;1,38865E+16;1,88746E+15;2,34917E+16;2,53137E+15;-4,39091E+16;-4,16706E+15;-2,61653E+15;-2,11434E+15;-3,02723E+16;-5,14948E+15;2,03115E+16;1,77029E+16;-1,83208E+16;6,49431E+15;1,31308E+16;-1,80878E+16;0;FALSO;VERDADERO;FALSO;FALSO;FALSO;FALSO;VERDADERO
11741;-1,13672E+16;1;1;3;5,58162E+15;1,48605E+15;1,11736E+16;-1,53219E+16;-1,52194E+16;-1,53005E+16;-1,48604E+15;-4,45759E+14;-6,90983E+15;-6,77929E+15;-6,72497E+15;-6,63059E+15;-6,52724E+15;-3,41942E+15;-2,5699E+16;-2,96801E+14;-3,08063E+16;-3,14136E+15;-2,93382E+16;1;FALSO;VERDADERO;FALSO;FALSO;VERDADERO;FALSO;FALSO
6548;-1,34759E+16;0;1;1;5,58162E+15;1,48605E+15;1,11736E+16;1,38865E+16;1,88746E+15;-6,47565E+15;-6,16452E+15;2,55011E+16;-4,72945E+15;-3,89939E+16;-2,46145E+16;-6,29948E+15;-5,734E+15;-1,91003E+16;-2,04907E+16;-1,48108E+16;-1,79567E+15;-4,93438E+15;-2,93382E+16;0;VERDADERO;FALSO;FALSO;FALSO;FALSO;FALSO;VERDADERO
3283;-4,43054E+15;0;2;1;1,7916E+16;9,04712E+15;-1,55888E+16;-6,96663E+15;-6,66599E+15;-1,53005E+16;-1,48604E+15;-6,95642E+15;-6,90983E+15;-6,63509E+15;-6,72497E+15;-6,63059E+15;-6,52724E+15;-3,41942E+15;-2,13588E+16;-2,96801E+14;-3,08063E+16;-3,14136E+15;-2,93382E+16;0;VERDADERO;FALSO;FALSO;FALSO;FALSO;FALSO;VERDADERO
15615;-5,20128E+15;0;0;3;-5,95102E+15;1,79456E+16;1,78235E+15;1,80992E+15;1,89944E+15;2,34917E+16;2,53137E+15;5,5597E+15;6,26504E+15;6,9432E+15;4,87987E+15;4,17898E+16;6,6499E+15;-1,12515E+16;-1,08555E+16;-2,92258E+15;-1,93163E+15;7,98571E+15;-1,80878E+16;0;VERDADERO;FALSO;FALSO;FALSO;FALSO;FALSO;VERDADERO
23662;3,27685E+15;0;0;1;3,81275E+15;-8,74991E+15;-7,2357E+15;-6,96663E+15;-6,66599E+15;-6,47565E+15;-6,16452E+15;-6,15421E+15;-6,54242E+15;-6,60336E+15;-5,89226E+15;-5,94633E+15;-6,52724E+15;-1,82731E+16;-2,04039E+16;7,45845E+15;-4,25176E+16;-3,14136E+15;-2,93382E+16;0;VERDADERO;FALSO;FALSO;FALSO;VERDADERO;FALSO;FALSO
2277;3,27685E+15;1;0;1;4,89762E+16;-8,74991E+15;-7,2357E+15;-6,96663E+15;-6,66599E+15;-6,47565E+15;-6,16452E+15;-6,1113E+14;-5,76571E+14;-6,24402E+15;-6,24449E+14;8,30737E+15;-6,47552E+15;1,49877E+15;-9,5578E+15;-1,21243E+16;5,48905E+16;-2,93976E+15;-1,03869E+16;0;VERDADERO;FALSO;FALSO;FALSO;VERDADERO;FALSO;FALSO
26051;-5,76846E+15;0;1;1;1,46614E+16;-8,74991E+15;-7,2357E+15;1,80992E+15;1,88746E+15;2,34917E+16;1,99232E+16;-4,65017E+15;-3,90966E+16;-3,79103E+14;-3,32494E+16;-2,35416E+15;-2,09809E+16;-4,12715E+16;-2,5699E+16;-2,11606E+15;-1,95378E+15;-2,52675E+16;-2,93382E+16;0;VERDADERO;FALSO;FALSO;FALSO;VERDADERO;FALSO;FALSO
12355;-9,05498E+15;1;2;3;2,00857E+15;1,48605E+15;1,11736E+16;1,38865E+16;1,88746E+15;2,34917E+16;2,53137E+15;-1,10333E+16;-6,94941E+15;-1,7111E+16;-4,82296E+15;-4,81912E+15;-4,615E+15;-2,08391E+16;-1,64717E+16;-2,73231E+15;-2,82466E+15;-2,77548E+16;-2,62218E+15;0;VERDADERO;FALSO;FALSO;FALSO;VERDADERO;FALSO;FALSO
16486;5,58907E+15;0;2;1;2,11706E+15;1,48605E+15;1,11736E+16;1,38865E+16;1,88746E+15;2,34917E+16;2,53137E+15;2,24007E+15;2,38336E+15;2,58117E+16;2,88739E+14;2,27877E+16;2,41256E+16;1,41063E+16;2,20431E+16;2,14369E+15;1,38768E+15;1,44038E+16;1,11632E+16;0;VERDADERO;FALSO;FALSO;FALSO;VERDADERO;FALSO;FALSO
19536;7,90129E+15;0;0;3;-5,95102E+15;1,48605E+15;1,11736E+16;1,38865E+16;1,88746E+15;2,34917E+16;2,53137E+15;4,11011E+15;3,80454E+16;3,41347E+16;3,61813E+15;3,4143E+16;2,91156E+15;-1,60815E+16;-3,99802E+13;-1,26411E+15;-1,6763E+15;-1,76684E+16;-7,51808E+15;0;VERDADERO;FALSO;FALSO;FALSO;VERDADERO;FALSO;FALSO
18674;-9,05498E+15;0;1;3;-1,46299E+16;1,48605E+15;1,11736E+16;1,38865E+16;1,88746E+15;2,34917E+16;2,53137E+15;-3,07998E+15;-2,88005E+15;-3,41857E+16;-4,19403E+15;-5,07605E+15;-4,94748E+15;-2,54397E+15;-1,96227E+15;-2,22966E+16;-2,82529E+15;-2,87955E+15;-2,70881E+16;0;VERDADERO;FALSO;FALSO;FALSO;FALSO;FALSO;VERDADERO
8697;-9,05498E+15;1;2;1;8,15221E+15;1,79456E+16;1,78235E+15;1,80992E+15;1,88746E+15;2,34917E+16;2,53137E+15;-5,54227E+15;-5,09411E+15;-5,04456E+15;-4,7586E+16;-4,42568E+16;-4,21116E+15;-1,60815E+16;-2,5699E+16;-2,11606E+15;-2,12313E+16;-2,48683E+16;-2,09004E+16;0;VERDADERO;FALSO;FALSO;FALSO;FALSO;FALSO;VERDADERO
22565;1,48379E+16;0;0;3;-4,86615E+15;-1,76484E+16;-1,55888E+16;-1,53219E+16;-1,52194E+16;-1,53005E+16;-1,48604E+15;-6,49074E+15;-2,19805E+16;-6,4273E+14;-5,84189E+14;4,1951E+16;-3,57576E+16;1,69283E+15;-1,50525E+15;2,75077E+16;3,91417E+15;8,37123E+15;1,59446E+16;0;FALSO;VERDADERO;FALSO;FALSO;FALSO;FALSO;VERDADERO
16380;-1,05965E+16;0;2;1;1,14068E+15;9,04712E+15;1,78235E+15;1,80992E+15;1,89944E+15;1,99988E+16;1,99232E+16;-2,99076E+15;-2,63768E+15;-2,26655E+16;-2,07268E+16;-2,06714E+16;-1,80591E+16;-2,21191E+16;-1,83206E+16;-2,42617E+15;-3,08063E+16;-1,6667E+15;-2,31167E+16;1;VERDADERO;FALSO;FALSO;FALSO;FALSO;FALSO;VERDADERO
25295;-6,74276E+15;0;1;3;-1,24602E+16;1,48605E+15;1,11736E+16;1,38865E+16;-6,66599E+15;2,34917E+16;-6,16452E+15;-4,35343E+16;-5,47782E+15;-5,73514E+15;-6,21807E+15;-5,60026E+15;-6,37763E+15;-1,60815E+16;-1,69969E+16;-1,11587E+16;-1,16372E+15;-2,55817E+16;-1,76941E+15;0;VERDADERO;FALSO;FALSO;FALSO;FALSO;FALSO;VERDADERO
28681;9,64633E+15;0;0;3;-5,95102E+15;1,48605E+15;1,11736E+16;1,38865E+16;1,88746E+15;2,34917E+16;-1,48604E+15;-5,89605E+15;-6,27602E+15;-6,28396E+15;-5,89412E+15;-6,29866E+15;-6,4997E+15;-2,69612E+16;-2,09291E+16;-1,82697E+15;-1,78865E+16;-3,03402E+14;-1,71934E+16;0;VERDADERO;FALSO;FALSO;FALSO;FALSO;FALSO;VERDADERO
24992;1,32965E+16;1;1;1;4,89762E+16;1,48605E+15;1,11736E+16;1,38865E+16;1,88746E+15;2,34917E+16;2,53137E+15;1,31351E+16;1,3399E+16;1,43608E+16;1,65169E+16;1,83212E+16;1,94158E+16;-2,98606E+16;-2,55274E+15;7,96962E+15;4,62101E+16;1,44038E+16;-2,41912E+16;0;FALSO;VERDADERO;FALSO;FALSO;VERDADERO;FALSO;FALSO
29670;-4,43054E+15;1;0;3;3,81275E+15;1,48605E+15;1,11736E+16;1,38865E+16;1,88746E+15;-1,53005E+16;-1,48604E+15;-4,46982E+15;-4,19432E+15;-3,80156E+15;-6,72497E+15;-6,63059E+15;-6,52724E+15;-2,61823E+16;-1,85376E+16;-2,96801E+14;-3,08063E+16;-3,14136E+15;-2,93382E+16;0;FALSO;VERDADERO;FALSO;FALSO;VERDADERO;FALSO;FALSO
5837;-5,97202E+15;0;1;2;5,58162E+15;1,48605E+15;1,11736E+16;1,38865E+16;1,88746E+15;2,34917E+16;2,53137E+15;5,4641E+15;5,88287E+15;3,32926E+15;-2,22611E+16;-2,10596E+16;-1,78358E+16;-1,52544E+16;-3,59004E+15;-2,33984E+16;-2,44166E+16;-2,35527E+16;-2,32967E+16;0;FALSO;VERDADERO;FALSO;FALSO;FALSO;FALSO;VERDADERO
10236;-5,76846E+15;1;2;1;2,87646E+16;1,48605E+15;1,11736E+16;1,38865E+16;1,88746E+15;2,34917E+16;-1,48604E+15;-1,84809E+16;-1,47136E+15;-9,44964E+15;-3,28601E+14;-6,63075E+15;-6,52741E+15;-2,39303E+16;-1,52825E+16;-1,83208E+16;-3,08063E+16;-3,14136E+15;-2,93382E+16;0;VERDADERO;FALSO;FALSO;FALSO;VERDADERO;FALSO;FALSO
22825;9,44277E+15;0;0;3;-4,86615E+15;1,48605E+15;1,11736E+16;1,38865E+16;1,88746E+15;2,34917E+16;2,53137E+15;4,30717E+16;4,72583E+16;3,53691E+15;2,52287E+14;4,52489E+14;5,48657E+15;-3,90376E+16;-8,19498E+15;-1,3618E+15;3,30267E+16;1,31308E+16;-1,24626E+16;0;VERDADERO;FALSO;FALSO;FALSO;FALSO;FALSO;VERDADERO
280;6,35981E+15;2;1;1;-4,86615E+15;1,48605E+15;1,11736E+16;1,38865E+16;1,88746E+15;2,34917E+16;2,53137E+15;7,04637E+14;7,50499E+15;7,22381E+15;8,66851E+15;9,96109E+15;1,04826E+15;-1,0044E+16;-6,16811E+15;-1,2818E+16;-5,27309E+16;1,31308E+16;-4,58736E+15;0;VERDADERO;FALSO;FALSO;FALSO;FALSO;FALSO;VERDADERO
22377;-8,28424E+15;0;1;3;-9,20561E+15;9,04712E+15;1,78235E+15;1,80992E+15;1,89944E+15;1,99988E+16;1,99232E+16;-6,26557E+14;-5,89315E+14;-5,61069E+15;-5,50862E+15;-5,21931E+15;-5,13353E+15;-1,96437E+15;-2,07902E+16;-2,96801E+14;-2,51507E+16;-3,14136E+15;-2,74706E+15;0;VERDADERO;FALSO;FALSO;FALSO;FALSO;FALSO;VERDADERO
25274;-1,05965E+16;0;1;3;-1,46299E+16;1,48605E+15;1,11736E+16;1,38865E+16;1,88746E+15;2,34917E+16;2,53137E+15;-2,95708E+15;-2,65145E+14;-3,00327E+15;-2,41948E+15;-1,86268E+15;-1,56226E+16;-2,57295E+16;-1,70186E+16;-1,83208E+16;-1,80397E+13;-1,50503E+14;-1,80878E+16;0;VERDADERO;FALSO;FALSO;FALSO;FALSO;FALSO;VERDADERO
5161;2,56283E+15;1;1;3;-3,78129E+15;-8,74991E+15;-7,2357E+15;-6,96663E+15;-6,66599E+15;2,34917E+16;-6,16452E+15;-5,55232E+15;-6,00991E+15;-7,44506E+15;-4,10123E+16;-5,77609E+15;-6,47855E+15;4,47636E+15;-2,52693E+15;9,79988E+15;-3,08063E+16;-2,76173E+15;1,77404E+15;0;FALSO;VERDADERO;FALSO;FALSO;FALSO;FALSO;VERDADERO
29753;2,50611E+15;1;0;3;3,81275E+15;9,04712E+15;-1,55888E+16;-1,53219E+16;-1,52194E+16;-1,53005E+16;-1,48604E+15;-6,95642E+15;-6,90983E+15;-6,77929E+15;-6,72497E+15;-6,63059E+15;-6,52724E+15;-3,41942E+15;-2,5699E+16;-2,96801E+14;-3,08063E+16;-3,14136E+15;-2,93382E+16;0;FALSO;VERDADERO;FALSO;FALSO;FALSO;FALSO;VERDADERO
3691;9,64633E+15;1;0;3;-7,03588E+15;9,04712E+15;-7,2357E+15;-6,96663E+15;-6,66599E+15;-6,47565E+15;-6,16452E+15;-6,95642E+15;7,14052E+15;-6,77929E+15;-5,53862E+15;-6,63059E+15;-5,50782E+15;5,69561E+15;-2,5699E+16;1,36671E+15;-3,08063E+16;8,32313E+15;-2,93382E+16;0;FALSO;VERDADERO;FALSO;FALSO;FALSO;FALSO;VERDADERO
5916;-4,43054E+15;0;0;1;5,98248E+15;1,79456E+16;1,78235E+15;5,98756E+15;6,17616E+16;6,41229E+13;6,34026E+15;-6,93605E+15;-6,88876E+15;-6,75766E+15;-6,70166E+15;-6,60591E+13;-6,50205E+15;-3,41942E+15;-2,5699E+16;-2,96801E+14;-3,08063E+16;-3,14136E+15;-2,93382E+16;0;VERDADERO;FALSO;FALSO;FALSO;VERDADERO;FALSO;FALSO
11579;8,67203E+14;0;1;1;-5,95102E+15;1,48605E+15;1,11736E+16;1,38865E+16;1,88746E+15;2,34917E+16;2,53137E+15;2,79035E+16;3,4967E+15;4,16649E+15;5,35661E+15;6,45413E+15;7,20856E+15;-1,0044E+16;-1,26784E+16;-1,26411E+15;-1,16564E+16;-8,50493E+15;-6,83744E+15;1;VERDADERO;FALSO;FALSO;FALSO;VERDADERO;FALSO;FALSO
18079;2,17746E+16;1;0;3;-1,61156E+16;1,48605E+15;1,11736E+16;1,38865E+16;1,88746E+15;2,34917E+16;2,53137E+15;2,84526E+15;2,51973E+16;2,67849E+16;2,56082E+15;2,53793E+15;2,72315E+16;8,80965E+15;1,92053E+15;1,06228E+16;1,1349E+16;3,41183E+16;2,69137E+15;0;FALSO;VERDADERO;FALSO;FALSO;FALSO;FALSO;VERDADERO
19537;-1,05965E+16;0;2;1;9,23707E+15;1,79456E+16;1,11736E+16;1,38865E+16;1,88746E+15;2,34917E+16;2,53137E+15;-3,34032E+16;-3,02758E+15;-2,57168E+15;-2,03895E+16;-2,29297E+16;-1,89827E+15;-2,54276E+15;-1,70186E+16;-2,11606E+15;-2,48506E+16;-1,83229E+16;-1,24626E+16;1;VERDADERO;FALSO;FALSO;FALSO;FALSO;FALSO;VERDADERO
26024;-2,11833E+16;0;1;1;4,89762E+16;1,48605E+15;1,11736E+16;1,38865E+16;1,88746E+15;2,34917E+16;2,53137E+15;6,38255E+15;6,79601E+15;7,41819E+15;9,2564E+15;1,05753E+16;1,1426E+16;-1,2459E+16;-3,99802E+13;4,39787E+15;1,1102E+16;-5,23226E+16;2,69137E+15;0;VERDADERO;FALSO;FALSO;FALSO;FALSO;FALSO;VERDADERO
29720;-1,13672E+16;1;2;1;-1,61156E+16;1,48605E+15;1,11736E+16;1,38865E+16;1,88746E+15;2,34917E+16;2,53137E+15;-4,55374E+15;-4,48011E+15;-4,3563E+15;-4,15626E+15;-3,96841E+16;-6,96769E+15;-2,21191E+16;-1,70012E+15;-2,11606E+15;-2,12313E+16;-3,14136E+15;8,0353E+15;0;FALSO;VERDADERO;FALSO;FALSO;FALSO;FALSO;VERDADERO
21740;-9,05498E+15;0;2;3;-1,24602E+16;1,79456E+16;1,11736E+16;1,38865E+16;1,88746E+15;2,34917E+16;2,53137E+15;8,38283E+14;1,37159E+15;1,96355E+15;1,61647E+16;-3,30324E+15;-3,32942E+15;-1,91003E+16;-1,26784E+16;-9,18297E+15;-2,4423E+16;-2,59155E+15;-2,3713E+16;1;VERDADERO;FALSO;FALSO;FALSO;FALSO;FALSO;VERDADERO
25744;5,58907E+15;0;0;3;-4,86615E+15;1,79456E+16;1,11736E+16;1,38865E+16;1,88746E+15;2,34917E+16;2,53137E+15;1,74184E+15;1,88235E+15;1,99683E+16;2,27085E+15;2,51338E+15;2,66272E+15;1,50179E+15;3,77091E+15;9,79923E+15;1,33342E+16;1,73164E+15;1,14332E+15;1;VERDADERO;FALSO;FALSO;FALSO;VERDADERO;FALSO;FALSO
20553;2,50611E+15;1;0;3;-8,12074E+14;-1,76484E+16;-1,55888E+16;-1,53219E+16;-1,52194E+16;-1,53005E+16;-1,48604E+15;-6,59979E+15;-4,67414E+15;-6,53746E+15;-6,67601E+15;-6,13022E+14;-6,46444E+15;6,21289E+15;-1,84205E+15;-2,7891E+15;-1,13883E+16;-2,89657E+15;-4,02484E+15;0;FALSO;VERDADERO;FALSO;FALSO;FALSO;FALSO;VERDADERO
11703;2,50611E+15;1;2;1;1,03219E+16;1,48605E+15;1,11736E+16;1,38865E+16;1,88746E+15;2,34917E+16;2,53137E+15;6,34344E+14;4,10691E+16;1,72821E+15;2,63572E+16;3,52598E+16;4,25641E+15;-1,4874E+15;-1,61505E+16;-1,71849E+16;-1,4848E+16;-8,50493E+15;4,76929E+15;0;FALSO;VERDADERO;FALSO;FALSO;FALSO;FALSO;VERDADERO
11515;2,50611E+15;1;1;1;-1,61156E+16;1,48605E+15;1,11736E+16;1,38865E+16;1,88746E+15;2,34917E+16;2,53137E+15;1,14662E+16;1,75302E+16;1,87288E+16;1,98177E+15;2,17153E+14;2,30195E+16;3,64417E+15;7,80524E+15;3,81854E+14;7,83181E+15;9,74347E+15;1,56633E+16;0;FALSO;VERDADERO;FALSO;FALSO;FALSO;FALSO;VERDADERO
9007;-1,34759E+16;1;1;1;-5,26701E+16;1,79456E+16;1,78235E+15;1,80992E+15;1,89944E+15;1,99988E+16;1,99232E+16;1,26259E+16;1,35881E+15;1,43011E+16;1,61001E+16;1,78371E+15;1,87856E+16;5,65368E+15;-2,69597E+16;2,126E+16;4,30185E+15;5,89481E+15;1,60035E+15;1;VERDADERO;FALSO;FALSO;FALSO;VERDADERO;FALSO;FALSO
11743;-1,05965E+16;0;1;3;-1,35451E+15;1,48605E+15;1,11736E+16;1,38865E+16;1,88746E+15;2,34917E+16;2,53137E+15;-3,27052E+15;-3,37968E+16;-2,76549E+16;-2,87882E+15;-2,02174E+15;-2,22738E+16;-1,60815E+16;-3,99802E+13;-2,40005E+15;9,68596E+15;-1,17776E+16;1,56633E+16;0;FALSO;VERDADERO;FALSO;FALSO;FALSO;FALSO;VERDADERO
28262;-1,13672E+16;0;1;1;7,06734E+14;1,79456E+16;2,61765E+15;1,80992E+15;1,89944E+15;1,99988E+16;1,99232E+16;-4,48992E+15;-4,31558E+15;-3,97244E+16;-3,67065E+16;-3,34452E+16;-3,08292E+15;-2,87604E+14;-1,87547E+15;-2,51364E+16;-2,47421E+16;-2,48683E+16;-2,48381E+16;1;VERDADERO;FALSO;FALSO;FALSO;VERDADERO;FALSO;FALSO
16470;-1,05965E+16;0;2;1;1,90008E+16;1,79456E+16;1,78235E+15;1,80992E+15;1,89944E+15;1,99988E+16;1,99232E+16;-4,56828E+14;-4,29675E+15;-3,98484E+16;-3,65309E+14;-3,31771E+15;-3,22263E+15;-2,45341E+15;-1,97138E+16;-2,40005E+15;-2,4423E+16;-3,14136E+15;-1,97754E+16;1;VERDADERO;FALSO;FALSO;FALSO;VERDADERO;FALSO;FALSO
13677;-5,20128E+15;0;0;3;-1,24602E+16;1,79456E+16;1,11736E+16;1,38865E+16;1,88746E+15;2,34917E+16;2,53137E+15;3,47767E+15;3,22047E+15;2,82081E+15;3,9228E+15;4,81488E+15;5,43636E+15;-9,82056E+15;-1,26784E+16;-1,26411E+15;-1,16564E+16;-1,17776E+16;-1,47127E+16;0;FALSO;VERDADERO;FALSO;FALSO;VERDADERO;FALSO;FALSO
20164;-9,05498E+15;0;1;3;7,06734E+14;4,46412E+16;3,45296E+16;2,64545E+15;1,89944E+15;2,34917E+16;2,53137E+15;-4,20839E+15;-4,15105E+15;-4,033E+16;-3,88034E+16;-3,68632E+15;-3,52152E+15;-3,41942E+15;-2,5699E+16;-2,96801E+14;-3,08063E+16;-3,14136E+15;-2,93382E+16;1;VERDADERO;FALSO;FALSO;FALSO;VERDADERO;FALSO;FALSO
16786;-8,28424E+15;1;0;3;-7,03588E+15;9,04712E+15;1,78235E+15;1,80992E+15;1,88746E+15;2,34917E+16;1,99232E+16;-1,05784E+16;-6,54336E+15;-5,46684E+15;5,05273E+14;1,02845E+16;1,42683E+16;-2,15153E+16;-2,5699E+16;-1,99793E+16;-5,27309E+16;-1,83229E+16;-1,86335E+16;1;FALSO;VERDADERO;FALSO;FALSO;FALSO;FALSO;VERDADERO
29323;-9,82572E+14;1;1;3;-9,20561E+15;9,04712E+15;2,61765E+15;1,80992E+15;1,89944E+15;2,88236E+15;1,99232E+16;-1,39749E+15;-1,34168E+16;-9,62267E+15;-1,44711E+16;1,17047E+15;6,46522E+15;-3,41942E+15;-1,70186E+16;-1,09145E+16;-3,08063E+16;-1,17776E+16;-2,2588E+16;0;FALSO;VERDADERO;FALSO;FALSO;FALSO;FALSO;VERDADERO
15694;1,48379E+16;1;0;3;-7,03588E+15;1,48605E+15;1,11736E+16;1,38865E+16;1,88746E+15;2,34917E+16;2,53137E+15;7,9818E+15;2,19101E+16;2,34565E+15;2,64666E+15;2,21388E+15;1,46822E+16;5,69561E+15;1,01944E+16;1,81597E+16;1,23001E+14;2,22288E+15;-1,21224E+15;0;FALSO;VERDADERO;FALSO;FALSO;FALSO;FALSO;VERDADERO
17336;2,56283E+15;0;2;1;5,58162E+15;-1,76484E+16;-1,55888E+16;-1,53219E+16;-1,52194E+16;-1,53005E+16;-1,48604E+15;-3,17206E+16;-6,76062E+14;-2,79793E+16;-3,9063E+15;-6,21839E+15;2,18899E+16;-2,77823E+15;9,42985E+15;1,1238E+15;-1,48097E+15;1,07627E+16;3,78941E+15;0;VERDADERO;FALSO;FALSO;FALSO;VERDADERO;FALSO;FALSO
3736;-6,74276E+15;1;1;3;-2,69643E+15;9,04712E+15;1,78235E+15;1,38865E+16;1,88746E+15;2,34917E+16;2,53137E+15;-4,3662E+15;-4,64688E+16;1,51581E+15;1,8229E+15;1,99792E+16;2,55591E+15;-1,06779E+16;1,9131E+16;-1,83208E+16;-1,80397E+13;-1,60713E+16;-2,23911E+15;0;VERDADERO;FALSO;FALSO;FALSO;FALSO;FALSO;VERDADERO
25485;-7,5135E+15;0;2;3;-4,86615E+15;1,79456E+16;1,11736E+16;1,38865E+16;1,88746E+15;2,34917E+16;2,53137E+15;2,302E+16;2,78112E+15;3,29091E+15;3,56792E+16;-1,69606E+15;-1,4736E+16;-1,4874E+15;-1,2622E+15;-1,752E+16;-2,31463E+16;-2,29047E+13;-2,20255E+16;1;VERDADERO;FALSO;FALSO;FALSO;FALSO;FALSO;VERDADERO
3644;4,04759E+16;0;1;1;-1,61156E+16;-8,74991E+15;-7,2357E+15;-6,96663E+15;-6,66599E+15;-6,47565E+15;-6,16452E+15;4,64006E+15;-4,70632E+15;-6,58015E+15;-6,21201E+15;-6,22727E+15;-6,06916E+15;6,04928E+15;-1,97052E+16;-1,09372E+16;-1,51544E+16;-1,35579E+16;-2,93382E+16;1;FALSO;VERDADERO;FALSO;FALSO;VERDADERO;FALSO;FALSO
7199;-1,13672E+16;1;0;1;1,90008E+16;1,48605E+15;1,11736E+16;1,38865E+16;1,88746E+15;2,34917E+16;2,53137E+15;-5,10878E+15;-4,85441E+15;-4,524E+16;-4,24564E+15;-3,97746E+15;-3,6708E+15;-2,66533E+15;-2,02303E+15;-2,64427E+15;-2,80231E+16;-2,38865E+16;-2,3713E+16;0;VERDADERO;FALSO;FALSO;FALSO;VERDADERO;FALSO;FALSO
25366;6,35981E+15;0;1;1;-1,13753E+16;1,48605E+15;1,11736E+16;1,38865E+16;1,88746E+15;2,34917E+16;2,53137E+15;-5,14233E+14;-4,22594E+16;-3,36449E+15;-3,48101E+14;-2,43789E+16;-1,27848E+16;2,03115E+16;-3,99802E+13;-6,96146E+15;1,1102E+16;7,85841E+15;-1,21224E+15;0;VERDADERO;FALSO;FALSO;FALSO;FALSO;FALSO;VERDADERO
